item_id,order_id,product_id,quantity,unit_price,discount_percent
1,1274,107,5,447.48,95
2,177,342,8,2762.22,22
3,409,81,10,10445.0,12
4,1626,213,8,73115.98,30
5,429,286,1,4394.5,45
6,1805,134,6,3985.02,20
7,358,424,9,3692.97,8
8,692,221,2,603.72,29
9,248,288,4,6077.5,33
10,697,402,6,3584.5,5
11,1578,450,9,2633.76,19
12,1748,354,9,5012.94,85
13,214,362,1,1862.6,56
14,1637,235,2,1363.91,78
15,1249,401,2,28001.04,71
16,86,260,2,3870.9,80
17,242,446,4,3648.75,46
18,322,373,5,8412.36,56
19,1561,260,8,4476.78,12
20,316,332,6,15906.0,17
21,252,435,4,16348.16,53
22,1576,394,1,685.62,60
23,700,147,9,146935.5,10
24,545,191,7,1730.3,80
25,1362,126,3,12265.02,96
26,1085,216,4,375.06,54
27,847,471,7,1374.48,58
28,1950,437,9,3227.85,87
29,741,484,1,3047.92,18
30,1578,6,9,4453.4,8
31,174,174,6,43281.94,98
32,337,223,1,8571.72,97
33,76,339,3,4650.6,73
34,119,324,9,1683.85,53
35,824,454,9,29160.45,38
36,1478,381,-6,8488.73,44
37,17,424,5,4591.26,67
38,1251,472,3,11402.16,51
39,914,330,4,313.26,69
40,1279,404,10,3841.5,56
41,1429,177,7,17709.44,25
42,1805,155,2,4266.84,68
43,686,200,3,224.28,69
44,582,110,2,63854.28,70
45,640,267,6,3658.2,81
46,328,12,1,491.28,69
47,1214,133,4,87495.6,99
48,623,372,-7,49439.88,14
49,1500,31,6,1201.24,80
50,1040,182,2,33228.96,96
51,1334,482,2,9235.52,38
52,1173,378,-1,6895.64,43
53,484,413,10,9299.2,91
54,1832,481,9,1430.28,76
55,479,180,5,2284.8,85
56,1608,418,10,2031.81,17
57,1463,194,9,1057.35,31
58,216,168,9,4317.44,24
59,1686,399,6,5522.96,12
60,301,365,7,7930.16,52
61,168,48,1,5469.81,16
62,976,110,8,56759.36,47
63,1387,270,7,12565.76,71
64,1063,399,7,6101.98,33
65,1197,256,7,27877.68,88
66,1907,486,8,6574.19,53
67,1688,84,3,6579.72,16
68,993,365,8,6647.34,90
69,1052,442,9,5418.35,88
70,436,234,8,144.3,95
71,322,484,9,2974.18,15
72,1233,437,-7,2701.83,15
73,757,293,5,983.46,66
74,314,61,6,752.08,47
75,622,151,8,5486.8,18
76,292,402,10,3290.25,6
77,1919,458,5,3254.04,36
78,442,94,8,796.4,15
79,1122,179,2,6441.74,5
80,856,247,10,2061.08,72
81,927,461,6,3006.45,48
82,974,428,10,1381.68,97
83,284,259,8,246.56,57
84,1367,230,3,2683.83,93
85,667,46,10,4558.8,79
86,839,199,4,2755.86,50
87,695,277,1,37794.4,85
88,1823,227,5,2516.8,11
89,1774,85,1,10817.28,80
90,1631,396,5,876.3,82
91,254,330,9,254.24,24
92,1957,317,9,12384.0,96
93,109,491,10,39005.82,24
94,1538,244,9,20410.2,2
95,247,338,9,5055.4,2
96,564,403,4,162183.06,90
97,1719,455,-10,4483.84,10
98,1653,274,10,5835.6,51
99,1207,24,8,4379.89,2
100,697,224,3,2384.97,3
101,1761,271,6,620.98,32
102,187,59,2,34198.56,21
103,585,74,3,4480.46,98
104,184,79,5,22003.8,52
105,1390,87,1,9748.53,41
106,372,14,1,2503.76,49
107,203,164,3,5731.8,41
108,529,193,2,1051.17,25
109,491,386,10,1443.84,30
110,1010,261,9,1867.82,14
111,552,32,6,5928.44,70
112,834,34,8,8585.5,52
113,1298,120,1,6969.08,70
114,1974,301,2,2641.86,97
115,1137,334,3,129717.14,72
116,834,229,2,635.68,81
117,1025,105,3,11014.63,69
118,345,401,4,26148.03,54
119,1969,467,9,2705.68,5
120,3,417,8,3054.8,79
121,593,335,3,4219.6,7
122,1912,472,8,10192.84,76
123,514,430,7,6444.46,80
124,436,300,9,3040.45,5
125,331,379,9,6725.12,8
126,616,46,7,4593.6,15
127,1701,72,9,2151.14,55
128,432,313,9,67796.4,40
129,1811,350,6,29317.6,33
130,1542,363,8,630.12,31
131,1357,165,6,2853.6,58
132,1965,307,6,13785.2,88
133,274,331,1,1122.3,60
134,9,462,1,1262.84,22
135,847,285,8,39839.54,50
136,1103,42,2,1635.76,3
137,1828,427,8,18032.15,15
138,723,498,7,6114.56,76
139,734,199,3,2715.92,98
140,1663,357,1,1589.91,59
141,759,480,4,2809.84,1
142,454,381,1,8183.38,35
143,1394,472,6,10020.08,11
144,1672,315,5,36020.7,91
145,453,120,8,8268.4,46
146,76,144,8,2045.16,90
147,1448,311,4,1854.6,25
148,1682,327,7,3705.27,35
149,1166,257,8,8876.85,70
150,397,338,10,5758.76,87
151,1235,290,3,3317.44,75
152,263,382,2,2496.6,33
153,1912,292,4,17846.16,66
154,1493,401,5,23883.24,86
155,48,497,9,2280.72,32
156,1395,287,8,699.6,54
157,1313,345,1,4736.09,41
158,886,433,7,553.42,15
159,1393,266,8,2852.5,46
160,1060,389,1,4093.08,92
161,460,25,5,12576.72,53
162,1091,230,6,2154.9,50
163,399,172,2,2158.32,73
164,1655,13,4,4279.44,54
165,1962,39,4,10866.88,21
166,675,160,2,2338.7,80
167,199,15,8,43079.52,3
168,1214,409,6,57594.64,32
169,507,56,8,1983.15,43
170,1705,28,6,6923.7,30
171,1933,38,10,1811.16,56
172,1565,49,8,23592.96,15
173,176,499,1,4926.16,4
174,773,161,2,10376.1,16
175,127,471,8,1105.56,38
176,1251,321,7,3930.08,13
177,1388,29,9,27078.45,37
178,1741,196,-7,403.41,79
179,1541,211,-4,1953.62,76
180,1613,338,10,4835.6,58
181,787,238,7,5617.98,79
182,1269,52,6,4966.0,86
183,1604,14,8,2651.04,42
184,1204,99,2,1007.96,1
185,1219,366,2,276.48,24
186,1853,294,3,833.3,65
187,525,182,7,37420.0,92
188,1272,228,-3,26343.72,17
189,1633,23,1,4854.12,39
190,1198,224,9,2714.6,83
191,1545,184,5,2835.2,69
192,1589,75,3,2271.25,39
193,1236,176,5,3116.96,1
194,1061,301,3,2506.38,30
195,1039,420,9,3751.06,6
196,865,177,4,15330.56,81
197,1861,104,2,5000.4,24
198,1368,244,8,19079.1,88
199,679,437,-10,3060.48,42
200,1262,154,7,52369.2,20
201,215,233,1,4836.25,28
202,1885,2,4,6992.04,29
203,956,320,4,4516.2,61
204,1505,394,6,791.1,94
205,770,106,7,2121.75,0
206,744,6,2,3849.01,3
207,1137,59,3,32044.32,56
208,399,324,10,1966.85,97
209,738,23,1,4939.28,25
210,582,90,4,1142.64,33
211,1473,90,6,1134.36,70
212,504,92,4,16424.1,22
213,1727,135,2,3260.4,86
214,282,195,2,474.0,26
215,625,234,4,157.3,47
216,1354,88,9,25030.35,79
217,1806,223,2,7939.38,18
218,1808,474,3,3900.15,24
219,393,273,7,2482.92,47
220,652,307,7,16291.6,31
221,1887,24,10,4092.16,24
222,1750,275,-5,2860.65,19
223,672,127,1,41887.3,35
224,1788,65,9,5804.4,74
225,1815,251,4,59474.94,10
226,1607,241,10,5396.16,21
227,1042,199,9,2416.37,63
228,1063,238,3,4885.2,91
229,766,270,8,12958.44,63
230,971,138,10,1551.84,81
231,1887,405,10,14500.2,4
232,425,113,4,565.44,30
233,811,112,5,2066.4,48
234,1171,81,6,9860.08,70
235,174,69,2,1968.26,56
236,1063,181,4,290.56,5
237,953,263,10,2774.4,54
238,924,240,7,1886.82,47
239,1648,255,6,71244.86,48
240,51,92,8,17469.27,33
241,1322,39,6,12927.84,10
242,604,432,9,8411.76,69
243,1319,41,5,6446.82,29
244,202,61,2,764.72,4
245,1119,103,6,5232.76,86
246,675,129,5,61721.31,98
247,1400,433,5,544.04,90
248,1238,71,9,1503.98,33
249,18,395,5,7870.66,44
250,1604,207,7,1867.28,74
251,1552,336,1,2960.0,83
252,1050,390,3,1700.17,50
253,467,117,4,28415.0,29
254,1057,301,9,3025.72,59
255,1480,417,8,2618.4,10
256,642,434,4,26928.39,98
257,1930,358,7,3469.56,56
258,922,437,9,2630.1,47
259,285,296,3,2672.74,94
260,20,256,6,26978.4,28
261,859,218,7,7845.7,99
262,1415,276,5,4959.6,75
263,48,291,1,425.34,17
264,315,488,6,58932.48,80
265,1637,309,10,4236.8,50
266,781,105,7,10195.36,68
267,792,97,8,5274.84,42
268,1167,493,8,1391.0,38
269,191,88,2,24288.71,70
270,364,17,10,4467.5,3
271,383,102,2,1937.66,49
272,582,106,4,2195.55,84
273,1074,36,8,2369.85,47
274,1062,6,3,3817.2,52
275,801,81,2,9525.84,68
276,857,245,2,927.2,26
277,267,446,4,3123.75,55
278,1676,364,8,3249.9,77
279,1178,481,5,1336.32,25
280,1030,367,8,124305.92,25
281,16,74,8,4252.64,51
282,1239,414,4,1530.9,42
283,1865,292,8,16035.68,59
284,1180,21,2,2444.26,82
285,1805,471,8,1205.16,89
286,1726,365,5,7113.82,78
287,1687,415,3,31473.24,31
288,368,461,10,2961.91,55
289,938,197,3,10501.92,72
290,196,202,1,1451.97,20
291,561,452,9,3180.87,85
292,1877,35,4,1927.93,63
293,843,391,9,5539.26,47
294,157,387,2,18844.56,98
295,1597,167,7,187.24,21
296,518,107,9,376.29,59
297,55,38,8,1712.88,43
298,1528,205,4,265.96,4
299,22,129,2,61257.24,17
300,670,344,8,1913.75,59
301,140,43,9,2320.01,31
302,1462,487,8,978.12,60
303,1681,143,3,6729.8,2
304,1244,52,3,4545.8,15
305,1095,380,7,5827.05,9
306,1376,391,1,6421.62,34
307,315,226,6,1828.5,27
308,1464,18,9,534.76,56
309,1427,25,9,11762.4,84
310,1468,338,2,5363.12,88
311,632,228,1,29045.64,0
312,100,396,7,924.6,25
313,1903,128,6,15880.75,30
314,410,47,1,30158.37,3
315,30,173,4,720.5,85
316,130,113,2,615.6,85
317,344,371,3,663.78,53
318,1050,56,6,2034.0,71
319,1284,98,10,9205.76,69
320,810,481,7,1179.72,29
321,438,55,6,865.2,22
322,31,206,6,6673.7,49
323,436,235,4,1351.84,84
324,1670,143,10,7080.92,5
325,138,454,4,26180.55,38
326,1572,307,8,14161.16,91
327,1099,406,10,3818.0,32
328,1965,49,10,22118.4,80
329,1427,199,3,2396.4,22
330,1302,390,6,1700.17,85
331,988,35,6,1525.7,77
332,1868,300,8,3117.1,65
333,1312,380,4,6384.42,75
334,1444,7,4,1850.2,78
335,1555,460,2,2472.82,30
336,1512,220,4,17093.79,10
337,123,71,6,1352.5,37
338,414,78,7,140.36,82
339,78,122,10,165061.4,56
340,1514,450,6,2544.48,35
341,651,330,1,286.02,53
342,1328,417,5,2923.88,3
343,470,434,6,26271.6,31
344,422,277,1,37524.44,85
345,509,411,4,24588.69,48
346,1068,165,3,3050.4,80
347,13,34,8,8741.6,24
348,107,325,3,4349.8,26
349,258,47,3,31384.32,70
350,1703,408,4,886.86,64
351,161,219,8,872.27,21
352,1478,102,4,1714.62,22
353,1241,128,5,13595.75,73
354,919,496,4,7231.04,61
355,164,487,6,1046.76,48
356,344,242,8,870.84,64
357,1249,377,7,6460.14,19
358,1679,489,8,35598.2,97
359,782,219,2,982.22,38
360,1219,276,3,5248.91,93
361,360,132,7,2506.04,39
362,929,146,7,10660.38,77
363,985,37,6,42231.3,91
364,962,101,3,18291.01,24
365,9,7,9,2237.06,92
366,767,252,7,1701.36,53
367,1926,203,6,47290.86,62
368,631,329,10,15243.2,52
369,1813,20,2,16008.84,72
370,333,100,7,6388.2,32
371,1580,468,6,1222.2,90
372,1001,326,6,6911.52,7
373,1334,198,7,1766.24,31
374,497,245,1,1056.4,46
375,1293,362,1,1768.8,85
376,1322,76,5,915.9,58
377,1934,349,3,1900.98,31
378,1234,297,3,4626.6,14
379,1579,48,7,5425.34,90
380,1201,499,2,4465.44,24
381,1795,217,3,1164.16,54
382,518,355,5,4185.72,68
383,1349,454,7,27244.8,39
384,1504,211,2,1611.38,81
385,1173,398,6,488.24,18
386,551,384,4,18327.15,95
387,816,358,5,3290.1,21
388,1672,252,1,1383.12,8
389,1585,357,7,1772.82,53
390,1341,148,7,4663.25,22
391,768,96,3,4085.52,62
392,373,258,2,7121.32,72
393,1668,109,3,5054.12,7
394,1536,94,4,854.32,52
395,903,321,10,3965.17,81
396,341,41,5,5194.56,48
397,256,142,2,14706.0,3
398,1200,121,8,52943.75,86
399,1558,52,1,4240.2,34
400,1540,490,1,4924.29,74
401,1617,22,2,3474.2,66
402,1622,4,-7,571.47,66
403,1971,390,5,1724.99,62
404,970,388,6,343.14,54
405,690,190,6,2319.6,30
406,1928,185,7,4224.86,78
407,118,500,6,4811.44,42
408,1652,52,1,4736.8,89
409,823,372,3,43161.8,77
410,252,445,9,2035.5,89
411,1539,418,4,1876.71,57
412,1267,352,8,34905.78,52
413,1353,97,1,6068.4,41
414,35,325,6,4256.59,5
415,1986,414,6,1591.65,56
416,479,311,8,2056.92,94
417,1255,407,2,66311.63,54
418,1924,477,8,8863.46,89
419,1854,52,7,4545.8,77
420,400,365,3,7988.47,66
421,1795,293,9,983.46,16
422,1020,408,2,902.02,86
423,1124,448,8,3433.9,57
424,1956,60,8,19508.52,69
425,494,125,4,16982.05,96
426,1934,338,-2,4967.48,55
427,1466,15,3,48683.36,41
428,1849,197,5,9308.52,92
429,528,341,8,6829.2,85
430,253,341,3,6780.42,68
431,1298,372,8,43946.56,88
432,682,447,4,4331.24,73
433,1570,474,10,3235.68,82
434,703,194,7,1033.5,82
435,1608,288,7,6563.7,29
436,458,133,2,76558.65,11
437,229,46,6,4628.4,75
438,1920,97,2,5975.04,47
439,261,437,6,3347.4,48
440,1182,378,1,6617.59,7
441,1209,275,4,2903.03,49
442,868,164,6,6291.0,86
443,1913,408,3,955.08,84
444,1233,303,4,824.9,50
445,19,276,-8,4959.6,18
446,1672,483,5,3436.72,28
447,1024,349,8,1836.54,76
448,581,75,1,2343.93,40
449,633,258,2,6776.74,90
450,1176,245,4,950.0,37
451,1443,495,7,609.39,42
452,313,424,4,4557.99,93
453,1914,415,4,33776.16,94
454,108,473,3,14776.82,62
455,1490,201,5,8072.96,84
456,1869,435,3,14502.4,70
457,804,173,7,720.5,60
458,714,388,7,324.52,9
459,1082,373,5,7583.87,89
460,1891,100,-9,5566.86,12
461,269,166,10,469.91,6
462,1741,479,5,5439.88,83
463,336,296,3,2785.04,89
464,989,150,3,1753.92,27
465,1648,384,4,17536.05,83
466,19,186,10,6589.03,86
467,1609,440,3,794.22,54
468,1392,431,3,3085.8,7
469,197,183,8,2534.6,6
470,241,264,6,1751.04,55
471,1987,77,7,2101.32,4
472,244,124,7,995.0,38
473,1409,306,3,5457.4,95
474,769,398,2,481.06,59
475,1772,419,7,5354.84,80
476,1338,228,6,24767.6,15
477,239,43,2,2213.75,82
478,1370,466,9,67273.83,2
479,1202,294,10,801.25,35
480,1421,382,2,2956.5,75
481,371,197,8,10342.8,89
482,889,153,10,1873.02,12
483,667,33,9,2732.4,51
484,1665,359,1,58542.92,71
485,1675,275,9,2648.75,8
486,1063,429,10,16050.26,91
487,1677,405,2,14946.36,96
488,425,495,2,631.35,76
489,1424,93,1,10339.07,57
490,1640,161,2,8531.46,16
491,1178,106,3,2066.4,71
492,526,436,1,22970.08,15
493,1037,153,6,2300.2,69
494,352,217,1,1001.52,38
495,95,485,9,1487.64,37
496,1350,274,8,5543.82,73
497,1005,356,6,1064.7,45
498,1242,276,9,4794.28,88
499,203,340,1,1481.22,4
500,386,73,5,1805.66,27
501,1961,69,10,2100.58,27
502,1212,184,5,2525.1,93
503,1275,217,2,1087.12,32
504,534,196,3,435.54,58
505,171,484,5,3219.98,54
506,1926,356,3,1073.15,26
507,145,323,5,9796.8,89
508,1323,99,6,1141.76,84
509,1327,421,9,54895.95,20
510,860,421,3,51066.0,55
511,777,14,10,2461.68,9
512,554,64,9,20777.31,87
513,1124,209,2,87037.2,81
514,183,186,6,7813.54,34
515,300,445,4,2035.5,1
516,201,194,4,969.9,13
517,1604,474,2,3322.35,67
518,1492,449,5,2960.64,62
519,196,271,6,671.88,73
520,1773,145,9,2542.9,77
521,203,460,1,2389.7,40
522,1939,385,-7,2601.3,44
523,1651,380,9,6435.09,76
524,1807,436,7,25636.25,75
525,262,133,-1,84278.85,65
526,1461,80,3,2824.92,48
527,1163,377,5,5351.31,92
528,1310,499,6,4678.08,99
529,511,348,10,1428.03,90
530,938,94,8,876.04,59
531,1029,147,5,178878.0,54
532,1067,483,4,3007.13,81
533,1758,45,5,3011.04,98
534,641,433,2,609.7,10
535,158,374,4,68709.2,11
536,339,295,1,2532.32,95
537,586,284,8,6438.15,1
538,1971,486,7,6475.33,65
539,1910,375,3,4332.5,63
540,1055,351,9,2679.6,15
541,831,8,10,1546.28,95
542,15,366,7,285.12,68
543,1536,177,4,17577.28,84
544,1948,472,9,11315.78,77
545,87,311,8,2360.4,21
546,1382,477,9,9337.08,28
547,359,39,6,12740.48,17
548,1053,181,1,279.21,63
549,777,88,6,20951.33,43
550,1872,348,4,1578.96,69
551,1743,393,2,5341.91,38
552,990,151,-5,5786.08,0
553,1512,324,10,1726.3,27
554,1891,157,9,2845.12,4
555,1916,238,10,5577.27,62
556,118,183,1,2843.16,58
557,673,153,6,1856.59,0
558,717,456,3,1736.06,45
559,19,52,7,4775.0,25
560,174,271,9,702.42,19
561,842,64,8,20225.7,19
562,1576,337,5,13036.14,60
563,810,192,5,2217.93,54
564,1828,94,9,977.4,34
565,223,225,8,4910.5,17
566,725,383,7,3329.7,45
567,1810,446,4,2966.25,24
568,584,21,3,2505.88,53
569,1524,170,1,1071.8,85
570,408,486,8,6920.2,85
571,545,61,7,790.0,70
572,1015,410,3,3976.8,96
573,1566,400,7,18689.58,92
574,1892,380,7,5776.38,14
575,1962,56,1,1932.3,19
576,705,257,1,10343.46,87
577,485,27,6,5316.06,76
578,1511,5,7,2360.0,37
579,578,249,2,553.42,54
580,508,317,3,12867.75,65
581,383,128,5,15309.5,14
582,1770,135,4,3882.84,54
583,407,243,2,3660.36,93
584,1029,313,3,56174.16,75
585,1289,325,3,3635.19,15
586,271,206,1,7159.06,24
587,1903,75,7,1998.7,78
588,409,47,1,29913.18,52
589,1076,157,4,2447.64,43
590,873,246,1,1727.46,54
591,1319,27,5,4883.86,34
592,745,144,6,1956.24,53
593,506,164,1,5359.0,5
594,2,27,6,5013.52,36
595,967,144,10,1674.66,55
596,379,130,8,18118.54,42
597,624,58,2,18281.05,1
598,1399,283,-3,852.0,46
599,1519,415,6,34032.04,99
600,1207,271,10,615.89,30
601,1332,142,4,15686.4,49
602,179,455,2,4122.24,80
603,1521,309,2,3674.1,75
604,1984,468,4,1125.2,90
605,913,474,2,3235.68,69
606,1268,176,5,3426.08,60
607,1559,104,9,5542.11,19
608,90,66,4,5349.27,70
609,1458,130,9,18118.54,46
610,919,323,2,10475.04,55
611,139,248,7,2115.54,64
612,1620,12,3,459.24,35
613,1427,496,3,7292.32,5
614,1958,290,1,3998.7,88
615,390,380,7,6333.75,87
616,1091,446,9,2940.0,21
617,897,385,9,2759.64,71
618,1597,200,7,229.62,34
619,424,95,1,2691.0,73
620,447,304,1,1454.52,65
621,933,258,9,6776.74,38
622,1746,113,5,601.92,34
623,1131,61,3,739.44,5
624,1093,122,5,130870.11,81
625,304,483,5,3512.53,17
626,554,448,1,3881.8,31
627,1687,108,9,4716.62,0
628,1329,178,10,8386.51,41
629,171,485,9,1272.04,92
630,274,210,10,1403.01,41
631,118,321,1,4772.24,45
632,450,375,5,3985.9,32
633,1990,9,9,12886.47,99
634,1924,400,10,16761.29,92
635,1528,353,7,4274.2,83
636,528,446,10,3333.75,26
637,1673,227,4,2323.2,34
638,418,298,7,2305.08,57
639,475,374,7,59384.38,18
640,1848,246,2,1713.75,23
641,941,95,3,2714.4,72
642,1005,483,3,3285.1,36
643,44,159,3,5013.54,22
644,1675,202,10,1439.56,8
645,294,37,7,43342.65,58
646,1862,331,7,983.1,92
647,1079,71,1,1395.78,12
648,774,197,1,8990.28,1
649,1564,426,1,3534.0,31
650,1578,43,5,2018.94,80
651,1229,7,1,2354.8,13
652,1111,377,6,6604.77,90
653,175,104,3,5208.75,97
654,1153,457,8,15735.2,20
655,630,170,8,1062.48,31
656,115,279,5,1088.1,69
657,253,11,1,797.78,69
658,608,53,9,1978.92,53
659,291,1,4,15452.8,29
660,875,198,3,1606.88,83
661,588,116,7,7380.54,91
662,1686,462,2,1205.0,21
663,226,115,2,2093.0,36
664,732,40,10,2824.8,15
665,739,473,2,14884.68,5
666,1239,78,3,148.83,67
667,686,308,3,3292.03,54
668,308,458,5,3041.82,36
669,714,449,2,2729.34,63
670,1356,189,5,967.95,91
671,1636,40,1,3224.98,19
672,1593,336,3,2841.6,18
673,800,229,8,631.04,8
674,232,296,7,3144.4,93
675,571,75,2,2180.4,16
676,373,393,7,5431.69,40
677,1013,218,8,7728.6,52
678,1233,407,6,62475.42,83
679,1888,126,7,11258.19,70
680,1019,276,9,5166.25,68
681,1099,421,4,51917.1,10
682,1190,367,7,132733.44,73
683,1591,356,4,1115.4,11
684,482,186,1,6763.96,2
685,743,286,8,5593.0,17
686,1887,57,1,1434.48,44
687,740,435,3,15688.96,58
688,296,428,9,1684.68,53
689,497,108,4,4633.14,95
690,283,61,3,771.04,93
691,54,357,7,1702.47,6
692,1437,55,10,807.52,61
693,1716,305,3,8186.2,18
694,749,73,2,1542.06,9
695,26,292,7,14742.48,97
696,374,241,3,6407.94,67
697,1431,486,5,6178.75,52
698,1480,173,8,742.5,82
699,1424,7,5,1900.66,19
700,123,452,1,3448.17,96
701,356,258,3,6317.3,50
702,1706,217,8,1087.12,91
703,1699,133,-10,81062.1,39
704,1453,117,7,31597.48,20
705,557,499,2,4465.44,48
706,1948,65,4,5058.12,79
707,115,113,7,524.4,95
708,1999,287,10,864.96,9
709,1673,355,8,4152.5,40
710,1337,329,7,18509.6,48
711,338,28,6,7143.5,54
712,399,139,2,366.12,9
713,743,309,6,3641.0,30
714,578,84,9,5900.86,8
715,434,306,1,5625.32,39
716,385,283,4,923.0,4
717,493,138,2,1628.16,72
718,92,289,8,2374.29,6
719,645,48,5,4891.7,45
720,1540,145,7,2715.3,24
721,645,385,7,3008.46,45
722,1995,67,2,11688.0,52
723,1837,380,9,5725.71,64
724,1654,397,3,562.1,75
725,1631,196,8,456.96,4
726,595,83,3,3712.54,59
727,162,454,2,29799.0,91
728,475,453,4,197.1,87
729,1340,73,3,1845.2,64
730,1058,374,10,63801.4,66
731,1906,394,6,726.64,16
732,695,149,6,2213.64,55
733,82,457,7,13536.9,26
734,1251,311,2,2360.4,19
735,1162,322,8,2076.94,1
736,293,393,5,5701.03,11
737,1022,49,8,22118.4,21
738,1913,152,3,664.16,35
739,1181,187,6,18587.52,9
740,367,364,8,3334.68,60
741,525,391,8,6372.6,17
742,1925,64,10,22983.75,5
743,745,440,5,794.22,52
744,1756,318,3,3023.12,46
745,1050,433,10,656.6,40
746,766,43,7,2231.46,57
747,539,450,1,2879.28,82
748,117,380,4,6688.44,71
749,17,80,2,2948.82,48
750,325,292,7,17716.84,9
751,457,199,8,2616.07,11
752,715,239,8,3140.8,68
753,1844,419,8,5127.94,10
754,370,375,2,4817.74,50
755,1574,222,4,42079.02,42
756,133,163,6,19111.35,62
757,436,360,8,939.03,35
758,931,20,9,14959.08,60
759,299,328,4,17462.4,72
760,65,308,7,2789.43,46
761,1618,221,8,542.88,6
762,434,445,1,2415.0,97
763,1401,217,5,1010.08,81
764,361,43,3,1983.52,35
765,830,42,5,1764.56,91
766,925,447,7,3926.16,27
767,1372,458,-5,2711.7,6
768,190,459,7,3912.0,96
769,609,85,4,10225.71,53
770,987,244,9,19522.8,20
771,1978,357,7,1702.47,88
772,1169,200,1,226.06,76
773,407,40,10,3036.66,18
774,664,341,6,5365.8,19
775,1837,235,3,1508.75,40
776,233,406,7,3917.6,66
777,1480,2,8,7415.8,16
778,1300,231,10,3199.03,4
779,448,382,4,2693.7,89
780,1119,397,3,659.19,48
781,443,179,4,6582.8,24
782,1991,348,10,1625.4,1
783,759,417,6,2400.2,38
784,1837,158,9,1285.2,15
785,1433,256,8,27652.86,52
786,721,181,9,279.21,66
787,1995,392,6,950.33,22
788,940,220,6,15238.65,70
789,1219,84,9,6423.06,48
790,584,433,7,609.7,36
791,1438,318,2,2730.56,13
792,184,333,1,12245.97,52
793,213,255,10,83924.03,69
794,205,325,8,3914.82,74
795,1651,17,5,4896.38,53
796,434,115,8,1898.65,48
797,235,101,8,18422.6,15
798,719,496,8,7537.44,82
799,1442,402,7,2942.5,47
800,1602,115,9,1779.05,34
801,1802,338,5,5231.24,53
802,1379,124,1,1098.48,53
803,67,8,1,1519.62,47
804,1722,419,9,6171.68,94
805,1229,163,6,17037.25,73
806,881,124,9,971.12,24
807,1263,330,7,308.72,6
808,1642,478,10,2600.22,16
809,1924,326,7,6963.88,22
810,826,463,6,1057.14,20
811,896,119,2,9276.96,16
812,1033,61,10,853.2,50
813,1727,391,5,6666.72,70
814,326,486,6,5733.88,11
815,192,14,7,2314.4,80
816,1578,304,3,1159.4,79
817,1450,279,2,1071.36,48
818,52,381,3,7572.68,81
819,1294,399,6,5122.1,30
820,1337,460,4,2472.82,24
821,1097,431,4,2952.6,99
822,1653,403,7,185748.12,33
823,1351,27,5,4840.64,18
824,1285,12,10,487.72,13
825,228,236,10,2531.2,13
826,291,145,5,2973.9,23
827,191,40,8,3224.98,46
828,1870,430,4,6497.72,12
829,1006,408,1,932.34,9
830,997,492,2,801.56,87
831,860,193,6,1231.1,57
832,1656,83,3,3372.46,1
833,1851,92,10,19410.3,77
834,1751,17,2,4288.8,44
835,992,315,10,33886.14,0
836,325,268,5,22565.26,15
837,395,311,1,2141.22,2
838,1061,263,3,2681.92,46
839,236,461,4,2449.7,41
840,284,113,2,606.48,88
841,1925,65,5,4892.28,61
842,409,489,2,39158.02,90
843,1130,334,5,135167.44,95
844,1657,254,7,6467.58,51
845,1889,99,5,1025.8,25
846,1408,434,5,30650.2,50
847,211,299,10,3384.36,21
848,1627,106,8,2269.35,57
849,868,306,5,5709.28,40
850,1276,56,10,2067.9,54
851,410,291,6,370.26,80
852,1679,33,8,2732.4,4
853,1963,262,5,1738.24,52
854,602,310,9,781.66,50
855,62,59,3,36352.8,41
856,880,405,3,13496.34,31
857,149,111,6,1229.36,18
858,1597,161,2,8454.6,40
859,1410,6,6,3689.96,59
860,1163,408,6,1046.04,29
861,1151,34,7,9287.95,77
862,435,270,4,11093.21,71
863,570,367,10,147481.6,85
864,154,294,7,839.71,96
865,892,163,6,17185.4,25
866,102,411,8,23826.25,5
867,563,216,2,371.77,57
868,351,308,6,3216.64,49
869,485,296,1,2672.74,2
870,1319,402,10,2942.5,59
871,583,68,7,13055.82,68
872,1881,271,1,610.8,82
873,34,36,8,2412.55,53
874,1482,155,5,4612.8,96
875,709,205,2,276.86,99
876,642,253,10,16940.82,50
877,612,357,8,1758.75,82
878,1981,467,2,2967.52,47
879,1921,317,2,10642.5,28
880,98,423,1,12978.9,13
881,662,442,7,5610.15,21
882,181,98,6,10792.96,68
883,11,479,1,5176.66,5
884,227,25,5,10133.76,33
885,675,353,10,4121.55,48
886,553,358,3,4157.49,17
887,1195,236,2,2553.6,40
888,1766,76,10,979.8,52
889,1305,229,2,584.64,67
890,493,296,8,2942.26,62
891,2000,144,6,1985.88,93
892,989,116,2,6648.12,98
893,607,365,2,7055.51,71
894,1712,447,4,4081.96,82
895,1506,439,4,89667.6,9
896,154,498,8,4990.56,27
897,27,344,4,1898.44,49
898,385,250,2,34135.2,26
899,1668,303,9,919.8,40
900,1558,484,-5,3244.56,58
901,1343,79,9,17760.21,16
902,449,470,6,2404.62,57
903,1778,318,9,2828.08,99
904,820,97,-2,5508.24,54
905,337,352,5,38784.2,73
906,1328,53,3,1778.16,13
907,1526,57,4,1135.2,58
908,384,137,1,174195.0,84
909,1088,232,6,1440.78,15
910,1899,282,2,15080.23,55
911,435,78,7,152.46,55
912,1041,171,1,1822.8,34
913,758,51,1,105981.2,48
914,1500,476,7,2289.84,37
915,388,207,3,1771.17,35
916,1085,312,8,6772.5,55
917,224,349,1,2094.3,31
918,1964,57,4,1166.16,6
919,1834,19,10,610.06,30
920,135,273,2,2219.58,28
921,1808,318,7,2974.36,50
922,208,113,5,570.0,26
923,351,403,4,167727.78,81
924,590,362,10,1594.6,93
925,7,49,-3,23224.32,89
926,1275,245,5,1041.2,88
927,489,88,6,24288.71,8
928,342,96,6,4860.36,58
929,291,493,1,1401.7,60
930,877,172,1,1798.6,33
931,1805,40,3,3083.74,97
932,1748,5,10,2284.48,60
933,1195,1,8,19245.76,31
934,968,57,1,1403.52,2
935,1162,349,5,2190.96,29
936,1076,258,3,7695.62,18
937,1588,49,2,21934.08,94
938,688,232,8,1623.93,44
939,1118,132,8,2384.78,46
940,940,7,6,2001.58,90
941,684,457,9,15503.8,84
942,1756,443,10,9835.0,14
943,553,352,9,36844.99,81
944,43,76,7,972.7,28
945,1351,73,6,1647.5,3
946,501,296,7,2717.66,26
947,1525,46,4,4837.2,48
948,1309,56,5,2339.1,80
949,1391,279,8,1171.8,67
950,359,136,6,12825.72,42
951,801,302,7,72143.4,35
952,634,98,1,10158.08,66
953,1438,176,-10,2910.88,55
954,1629,233,10,5416.6,44
955,591,57,1,1290.0,87
956,302,239,3,3044.16,37
957,1278,286,3,4754.05,62
958,591,34,5,8585.5,58
959,84,112,5,2284.8,75
960,253,28,8,6539.05,0
961,882,181,1,251.97,32
962,283,180,5,2592.0,64
963,1363,491,9,35290.98,11
964,1461,139,3,430.92,25
965,885,300,2,3040.45,28
966,66,243,6,3244.41,86
967,1305,198,7,1620.16,12
968,1829,134,5,3924.18,39
969,355,289,7,2802.09,41
970,1648,297,3,5509.86,98
971,409,129,3,57080.61,70
972,409,155,5,4305.28,38
973,1161,475,8,2708.91,23
974,770,401,7,23265.57,17
975,1079,227,6,2439.36,87
976,1460,184,8,2680.15,54
977,956,216,7,407.96,3
978,1869,287,1,890.4,98
979,863,46,3,4489.2,38
980,1612,125,10,18606.42,47
981,261,318,9,3364.44,72
982,1798,151,1,6683.92,50
983,258,207,1,1702.52,97
984,1792,266,8,3103.52,6
985,174,29,5,33177.2,83
986,220,171,-10,1661.1,37
987,1159,247,6,2372.84,7
988,249,380,10,6637.77,65
989,1515,368,1,966.24,26
990,1058,74,9,5050.01,63
991,280,115,3,1779.05,80
992,637,369,1,28327.05,62
993,1278,353,4,3449.89,8
994,1,79,10,21689.46,15
995,1065,50,4,2528.8,13
996,971,13,9,4020.08,50
997,114,475,2,2538.27,51
998,991,95,4,3182.4,69
999,534,421,10,55747.05,56
1000,1760,337,10,12590.46,55
1001,300,326,1,6021.4,18
1002,1677,382,4,2518.5,65
1003,1519,359,9,55663.76,60
1004,984,149,5,2247.96,12
1005,1965,302,8,62352.51,85
1006,564,201,7,7835.52,13
1007,951,214,7,691.98,3
1008,581,235,2,1544.96,49
1009,23,298,5,2244.42,82
1010,1333,458,10,2923.92,5
1011,1860,465,6,25319.0,17
1012,959,452,8,3154.14,1
1013,325,184,9,3034.55,64
1014,432,179,9,5736.44,65
1015,129,90,3,1001.88,83
1016,1473,289,6,2652.36,91
1017,1759,403,3,163569.24,97
1018,1349,156,7,1236.48,82
1019,991,193,8,1221.63,84
1020,370,295,9,3029.74,84
1021,1077,133,3,84922.2,41
1022,1206,490,10,4548.39,74
1023,1265,425,7,5837.44,5
1024,61,437,3,2797.47,12
1025,1363,55,8,1002.19,86
1026,976,166,4,459.62,93
1027,1630,122,2,162703.38,22
1028,1492,457,7,15503.8,53
1029,1890,33,1,3065.04,32
1030,235,20,2,16271.28,97
1031,767,311,1,2343.54,22
1032,658,56,8,2067.9,17
1033,1306,294,9,743.56,25
1034,518,252,8,1603.44,36
1035,462,104,3,5125.41,67
1036,1657,405,-4,12492.48,74
1037,50,323,-2,8741.76,4
1038,1659,72,1,2205.83,99
1039,836,291,9,419.22,9
1040,698,95,9,2925.0,24
1041,1705,107,10,461.04,60
1042,1026,181,6,292.83,71
1043,1748,71,2,1341.68,54
1044,1281,193,2,1212.16,10
1045,261,401,9,24500.91,12
1046,242,256,4,24955.02,76
1047,1108,170,1,1090.44,37
1048,1889,425,5,6358.64,90
1049,733,35,3,1941.8,36
1050,154,274,10,5689.71,66
1051,1909,313,9,57626.94,51
1052,1267,30,9,3067.68,14
1053,1194,242,5,920.4,3
1054,67,174,7,41862.86,25
1055,686,455,1,4122.24,26
1056,1121,419,6,6307.82,96
1057,1359,468,1,1134.9,63
1058,150,413,10,10025.7,78
1059,1440,428,1,1466.52,9
1060,1946,214,10,807.31,78
1061,1904,42,9,1610.0,16
1062,555,371,-1,675.74,4
1063,1018,260,4,4375.8,44
1064,884,245,5,1026.0,29
1065,44,477,1,7442.6,99
1066,1602,416,4,2860.04,77
1067,1762,195,1,501.65,61
1068,107,199,7,2636.04,16
1069,881,360,7,1055.37,17
1070,237,225,2,5892.6,78
1071,1851,189,6,831.72,43
1072,895,471,1,1165.32,29
1073,189,302,1,60291.27,52
1074,1531,386,-9,1443.84,5
1075,1643,8,4,1812.88,7
1076,157,30,3,2881.76,23
1077,579,23,6,5152.18,77
1078,1342,456,4,1693.37,16
1079,1242,204,8,60.26,15
1080,1345,40,2,2777.72,69
1081,422,254,6,7083.54,28
1082,909,366,5,302.4,46
1083,1598,283,5,972.7,83
1084,501,270,5,11780.4,89
1085,1109,258,2,6374.73,44
1086,1845,211,10,1782.5,35
1087,161,105,3,12380.08,66
1088,473,157,9,2426.72,15
1089,763,372,3,43554.18,30
1090,1431,226,8,2226.0,14
1091,44,256,1,26528.76,35
1092,1205,197,5,10820.16,10
1093,123,143,10,7139.44,63
1094,39,442,7,5849.9,56
1095,91,115,4,1823.9,23
1096,1352,221,9,519.48,84
1097,625,17,9,4789.16,44
1098,1920,14,-10,2819.36,43
1099,1890,425,5,7036.2,96
1100,1211,111,1,1219.2,92
1101,1699,319,7,5858.12,54
1102,1603,374,1,66255.3,13
1103,1134,199,5,2735.89,68
1104,950,218,10,7787.15,72
1105,1575,266,5,2624.3,48
1106,958,382,4,2496.6,1
1107,575,410,5,3711.68,31
1108,1580,278,5,13575.6,73
1109,809,20,10,15483.96,46
1110,551,338,5,5934.6,83
1111,1660,396,10,759.0,15
1112,629,292,6,17587.52,33
1113,1736,92,8,18514.44,2
1114,901,5,8,2095.68,45
1115,984,327,9,3803.64,52
1116,120,297,2,4963.08,78
1117,1130,161,2,9530.64,23
1118,529,393,5,5297.02,63
1119,261,117,3,25914.48,79
1120,1344,26,4,8628.68,83
1121,79,95,9,3205.8,56
1122,1188,163,-1,18815.05,91
1123,467,32,5,5641.58,2
1124,1390,433,6,595.63,91
1125,92,308,4,3040.73,13
1126,159,260,8,3803.58,65
1127,159,122,4,141481.2,73
1128,761,425,7,5837.44,82
1129,874,449,5,2636.82,3
1130,669,311,6,2023.2,52
1131,1838,334,6,136257.5,37
1132,1274,16,-3,12077.01,5
1133,596,477,3,9404.74,75
1134,53,55,-10,836.36,40
1135,1047,367,-9,142214.4,74
1136,1460,177,4,16123.52,74
1137,67,337,3,13593.24,97
1138,1330,41,2,6493.2,28
1139,1158,258,10,7465.9,70
1140,1504,215,9,5955.74,15
1141,1736,450,9,3013.2,6
1142,1244,242,9,892.08,56
1143,650,138,4,1729.92,73
1144,601,467,4,2618.4,31
1145,1637,394,6,685.62,58
1146,645,384,2,17404.2,30
1147,912,376,7,5809.21,10
1148,721,287,9,712.32,46
1149,1339,248,10,1964.43,57
1150,1611,215,4,5731.84,16
1151,1896,276,4,5538.22,52
1152,1381,300,-3,3295.95,33
1153,1630,147,6,153324.0,15
1154,167,210,7,1485.54,18
1155,1180,254,4,7083.54,23
1156,1795,233,1,4449.35,15
1157,858,135,9,3912.48,60
1158,1522,52,3,5233.4,4
1159,1708,221,1,617.76,21
1160,150,68,9,16113.94,67
1161,1882,199,7,2416.37,16
1162,824,357,9,1646.19,91
1163,601,61,6,872.16,43
1164,1212,312,10,6073.75,92
1165,93,38,6,1965.6,57
1166,1866,210,8,1568.07,55
1167,593,388,8,351.12,17
1168,1503,94,10,1006.36,65
1169,172,78,1,154.88,75
1170,758,346,8,42506.02,41
1171,899,91,9,55850.69,75
1172,573,484,-2,2875.86,38
1173,1011,175,1,148.48,66
1174,1838,269,10,1302.84,54
1175,585,166,7,411.6,96
1176,366,489,3,35921.82,94
1177,1808,375,4,4263.18,66
1178,570,295,10,2713.2,12
1179,712,146,3,9485.22,36
1180,561,250,-8,33281.82,21
1181,591,481,5,1346.76,96
1182,218,474,4,3784.59,35
1183,289,50,4,2768.6,65
1184,1546,87,-1,9748.53,5
1185,1966,457,9,14693.9,24
1186,14,251,1,54108.78,26
1187,578,483,10,3108.21,93
1188,912,267,3,3712.8,58
1189,605,471,2,1314.72,90
1190,1883,433,2,581.56,55
1191,1011,135,2,4060.68,17
1192,571,375,2,4852.4,45
1193,1646,41,4,6168.54,9
1194,670,81,9,10027.2,35
1195,929,323,9,9872.16,99
1196,152,362,6,1849.2,4
1197,888,52,9,4584.0,24
1198,1724,286,1,5593.0,81
1199,1285,5,4,2152.32,75
1200,771,447,4,4081.96,25
1201,544,241,3,6022.5,23
1202,1503,255,5,68829.78,25
1203,1301,449,2,3238.2,66
1204,1756,371,4,657.8,55
1205,138,252,9,1578.96,26
1206,1455,92,1,18365.13,88
1207,539,315,7,34686.6,74
1208,481,327,-6,4098.75,67
1209,1346,489,3,44659.56,38
1210,1722,119,5,9206.68,62
1211,1004,408,7,977.82,45
1212,1113,247,5,1957.16,28
1213,231,494,5,5068.83,57
1214,667,127,7,36409.73,22
1215,952,490,6,4924.29,14
1216,712,357,7,1857.24,16
1217,1585,452,8,3635.28,62
1218,1231,211,4,1568.6,37
1219,549,260,4,4645.08,52
1220,125,288,6,5737.16,86
1221,651,211,7,1925.1,56
1222,871,205,5,303.02,6
1223,550,249,4,495.6,81
1224,1677,24,5,3964.28,52
1225,454,294,3,814.07,26
1226,1597,321,2,4912.6,78
1227,1251,169,3,49432.8,69
1228,41,487,1,1158.3,48
1229,185,400,6,20617.87,45
1230,1571,393,9,5027.68,83
1231,101,266,4,2761.22,68
1232,407,81,9,10194.32,91
1233,470,149,3,2385.24,47
1234,679,212,4,567.69,93
1235,510,482,1,8267.28,2
1236,1547,482,9,8416.24,64
1237,815,406,8,3685.2,20
1238,580,155,1,4497.48,80
1239,1582,353,4,3388.83,34
1240,1536,64,7,23903.1,51
1241,269,419,5,6217.06,10
1242,157,38,-9,1867.32,90
1243,1562,376,7,5281.1,1
1244,1521,426,9,3999.0,19
1245,196,377,10,6508.35,50
1246,398,426,10,4247.0,39
1247,1608,166,7,432.18,95
1248,48,155,5,4766.56,25
1249,205,136,10,11617.5,48
1250,597,220,2,15503.67,52
1251,1149,143,8,6963.88,89
1252,1093,260,4,4106.52,2
1253,1018,373,7,8922.2,47
1254,1563,280,2,10962.84,28
1255,1184,500,1,4284.64,98
1256,476,229,6,580.0,72
1257,224,330,5,272.4,18
1258,1659,323,2,8515.68,71
1259,347,107,8,433.92,31
1260,172,73,7,1700.22,60
1261,1072,371,10,801.32,29
1262,121,393,8,5297.02,52
1263,638,380,6,6891.12,19
1264,75,165,10,3173.4,52
1265,1785,3,5,3463.68,26
1266,1547,288,8,6174.74,63
1267,642,492,4,829.2,59
1268,1452,248,9,2132.33,94
1269,1502,42,2,1584.24,89
1270,159,193,3,1268.98,1
1271,332,267,2,3139.5,25
1272,897,446,2,2913.75,54
1273,1015,88,9,23176.25,17
1274,1534,448,9,3672.78,51
1275,19,152,2,729.39,37
1276,1475,473,5,13590.36,41
1277,1260,456,6,1821.44,83
1278,340,73,5,1660.68,87
1279,419,412,-10,3508.4,91
1280,761,266,10,2692.76,60
1281,948,108,6,5801.86,95
1282,1475,437,3,2749.65,67
1283,1465,425,8,5733.2,40
1284,853,92,3,18663.75,8
1285,12,160,4,2086.84,88
1286,193,276,8,4959.6,12
1287,126,320,8,4979.4,20
1288,137,180,9,2649.6,28
1289,707,322,1,2554.82,24
1290,563,146,7,10744.32,93
1291,627,189,10,960.78,51
1292,1914,131,9,3450.59,82
1293,1351,104,2,5333.76,19
1294,211,375,4,4089.88,22
1295,539,289,2,2438.46,66
1296,1203,331,7,1044.0,73
1297,1582,437,10,3084.39,35
1298,1980,414,10,1591.65,60
1299,429,87,1,10201.95,29
1300,444,47,10,27951.66,18
1301,338,244,1,17748.0,9
1302,1835,497,1,2015.52,65
1303,1654,226,7,2082.9,60
1304,670,155,9,5150.96,15
1305,494,287,7,775.92,99
1306,790,362,8,1621.4,39
1307,1718,268,6,20454.84,10
1308,1809,310,4,904.4,21
1309,1937,325,-5,4101.24,18
1310,1721,224,9,2404.36,62
1311,1424,404,5,3871.05,15
1312,1143,461,7,2895.1,44
1313,365,13,6,4441.54,59
1314,1579,344,6,2036.23,54
1315,438,316,9,10979.28,24
1316,784,192,3,2547.87,95
1317,22,101,8,15922.39,67
1318,400,3,10,3122.56,42
1319,193,467,6,3032.98,32
1320,1030,472,1,11143.02,34
1321,69,332,5,17231.5,61
1322,816,23,5,5024.44,80
1323,118,498,10,6114.56,3
1324,1768,368,8,944.28,80
1325,931,252,3,1530.0,95
1326,1792,332,9,17894.25,13
1327,79,190,1,2493.57,91
1328,314,362,3,1835.8,16
1329,170,215,2,4970.58,56
1330,1306,364,1,3391.2,12
1331,1757,279,5,1146.69,24
1332,1342,315,1,32018.4,86
1333,1738,461,6,3073.26,90
1334,347,464,10,1557.43,46
1335,1058,8,7,1639.59,85
1336,1372,32,2,5545.96,97
1337,1028,76,5,795.2,22
1338,909,23,5,5492.82,25
1339,1411,259,7,211.6,81
1340,1530,432,1,7944.44,35
1341,1149,180,2,2304.0,59
1342,1164,429,2,16176.64,59
1343,181,60,2,17125.8,93
1344,177,96,6,4508.16,80
1345,1978,11,3,953.1,1
1346,446,327,6,4065.96,10
1347,1797,371,4,711.62,87
1348,1316,483,4,3360.91,96
1349,1512,68,5,13055.82,48
1350,1446,147,-3,150768.6,17
1351,1158,162,7,8680.23,24
1352,559,453,4,167.9,37
1353,532,358,8,3529.38,11
1354,1004,182,10,36222.56,44
1355,1582,329,9,16876.4,80
1356,1408,426,3,3441.0,74
1357,790,80,9,3171.84,26
1358,1439,223,6,9133.8,87
1359,1631,148,4,4866.0,89
1360,1984,258,9,7810.48,95
1361,1627,138,2,1602.72,98
1362,432,133,4,79775.4,33
1363,65,473,2,13590.36,84
1364,1293,96,-8,4015.08,59
1365,1202,166,6,439.04,48
1366,1349,302,1,61837.2,89
1367,215,323,6,10324.32,1
1368,326,216,8,394.8,43
1369,1327,463,2,964.85,45
1370,628,84,8,6631.94,23
1371,1541,12,8,480.6,78
1372,935,304,10,1391.28,55
1373,1497,205,8,296.48,31
1374,518,371,6,771.42,43
1375,989,348,7,1381.59,5
1376,1989,476,4,2645.16,64
1377,221,216,7,440.86,34
1378,1954,296,7,2874.88,3
1379,336,263,3,3213.68,38
1380,1816,306,9,4869.68,72
1381,1540,72,3,2388.13,42
1382,1615,492,1,773.92,39
1383,1624,393,3,6060.15,44
1384,940,203,3,48066.12,0
1385,1349,76,4,979.8,22
1386,618,158,2,1086.75,30
1387,1757,105,7,10195.36,92
1388,502,79,9,21532.29,99
1389,767,3,8,3017.6,44
1390,205,242,9,927.48,50
1391,1432,109,8,5707.67,48
1392,1703,238,4,5455.14,12
1393,794,66,6,5827.66,17
1394,819,396,6,952.2,36
1395,1679,346,7,44944.89,50
1396,1094,37,6,46306.25,85
1397,1517,497,10,1944.8,28
1398,1814,312,3,7202.5,30
1399,756,186,6,7347.06,0
1400,1251,307,7,17419.48,9
1401,1323,118,3,2038.75,24
1402,91,109,5,5359.11,11
1403,696,197,3,9785.88,19
1404,584,160,7,2356.69,61
1405,72,134,7,3498.3,20
1406,816,350,9,30670.72,13
1407,953,413,2,8790.65,87
1408,1501,52,7,5157.0,1
1409,330,164,3,5964.8,64
1410,787,352,8,30473.3,62
1411,1340,492,7,849.93,98
1412,112,156,7,1302.72,94
1413,1299,60,10,20104.2,57
1414,1029,191,8,1887.6,42
1415,1729,274,6,5495.19,22
1416,869,273,7,2576.97,86
1417,164,77,1,2155.2,90
1418,1209,133,4,81062.1,78
1419,1491,447,8,3832.68,6
1420,952,145,1,2435.15,62
1421,943,188,1,4625.76,76
1422,1406,190,5,2377.59,43
1423,1383,152,1,753.11,34
1424,367,151,6,6135.24,2
1425,915,167,5,196.3,4
1426,1221,58,6,18560.15,4
1427,1089,379,7,6147.18,22
1428,173,274,2,5543.82,93
1429,297,325,8,3821.61,35
1430,708,498,8,5934.72,79
1431,500,471,9,1274.88,58
1432,84,40,6,2848.34,4
1433,301,312,2,6557.5,65
1434,1486,41,6,6446.82,81
1435,1535,155,7,4689.68,2
1436,377,487,5,1141.14,83
1437,1522,453,2,198.56,55
1438,1977,60,4,19061.76,33
1439,621,316,9,10104.12,31
1440,1422,410,1,4009.94,73
1441,969,111,7,1198.88,95
1442,1411,399,3,5255.72,64
1443,1376,24,10,3900.34,23
1444,1389,146,5,9233.4,52
1445,425,10,7,3880.22,16
1446,563,137,8,179769.24,81
1447,652,50,4,2550.6,2
1448,1453,167,4,169.12,78
1449,590,373,10,8667.28,58
1450,1205,216,10,394.8,69
1451,797,244,9,16269.0,43
1452,698,164,6,6337.6,56
1453,311,237,8,2422.08,68
1454,1429,88,7,21878.38,51
1455,67,339,10,4718.0,10
1456,1294,250,9,34419.66,10
1457,426,383,9,3662.67,38
1458,598,385,6,2804.88,86
1459,958,16,3,12875.49,74
1460,342,320,6,4940.8,55
1461,851,392,1,1126.94,36
1462,1140,381,8,7145.19,48
1463,1887,276,3,5042.26,77
1464,1944,436,2,23175.17,50
1465,448,109,2,5576.96,37
1466,366,443,3,10543.12,99
1467,1505,206,9,7462.41,45
1468,1539,112,7,2318.4,76
1469,572,164,6,6058.0,13
1470,1361,453,-6,183.96,68
1471,1091,201,4,8132.32,51
1472,1014,388,8,316.54,57
1473,322,474,3,3524.58,36
1474,7,273,6,2520.54,59
1475,1344,89,2,36244.98,74
1476,1338,215,7,5507.94,24
1477,1304,15,10,40978.08,17
1478,1249,318,9,2730.56,76
1479,1169,375,7,4852.4,2
1480,666,313,4,55689.9,72
1481,1282,242,2,991.2,47
1482,47,381,10,8427.66,83
1483,798,283,9,972.7,24
1484,1742,468,3,1202.8,47
1485,1481,448,4,3433.9,60
1486,1920,365,4,6997.2,16
1487,601,34,1,9053.8,73
1488,945,236,4,2934.4,77
1489,909,124,3,987.04,64
1490,1314,57,10,1403.52,42
1491,1787,472,3,10106.46,59
1492,1479,493,2,1177.0,95
1493,67,350,7,30896.24,66
1494,963,442,7,5370.4,53
1495,1962,134,9,3437.46,91
1496,1591,311,9,2225.52,3
1497,899,247,1,2061.08,50
1498,1697,422,1,2952.4,51
1499,1468,475,9,2772.9,83
1500,902,220,-2,14973.63,18
1501,1735,135,10,3971.76,14
1502,1479,87,6,9295.11,84
1503,696,73,4,1779.3,61
1504,431,136,2,11152.8,82
1505,1421,38,8,1937.52,90
1506,1007,386,4,1511.52,33
1507,702,152,8,711.6,57
1508,1433,133,10,75915.3,76
1509,74,390,3,1414.74,66
1510,591,14,4,2903.52,47
1511,1155,186,5,6938.89,91
1512,325,291,5,382.5,91
1513,901,345,5,3940.98,95
1514,1650,356,3,963.3,77
1515,599,440,7,768.18,81
1516,467,15,4,44830.72,38
1517,304,300,1,3014.9,46
1518,1477,261,9,1867.82,61
1519,1267,461,3,2694.67,82
1520,320,301,9,2709.6,66
1521,767,194,8,1033.5,21
1522,1784,269,8,1189.1,61
1523,1838,195,1,517.45,8
1524,702,116,5,6535.44,28
1525,308,143,-10,7841.68,93
1526,1617,62,4,306.13,63
1527,941,292,1,17587.52,95
1528,1733,420,9,3778.44,29
1529,1519,104,6,5458.77,4
1530,817,321,2,4912.6,42
1531,1040,35,5,1761.49,68
1532,1734,380,9,6941.79,10
1533,1988,409,1,52512.76,72
1534,1071,127,4,38020.78,94
1535,375,354,4,4546.62,88
1536,1470,234,3,144.3,77
1537,545,283,5,795.2,95
1538,390,376,2,6625.38,16
1539,1071,156,1,1280.64,29
1540,500,300,10,3193.75,59
1541,202,275,1,2542.8,81
1542,150,101,8,14869.67,56
1543,171,244,4,16712.7,69
1544,1208,111,10,1270.0,38
1545,1166,5,10,2322.24,14
1546,1475,454,8,28521.9,82
1547,399,302,10,69051.54,58
1548,2,129,7,59865.03,34
1549,1009,324,3,1698.0,64
1550,990,264,5,1915.2,82
1551,614,136,9,10873.98,43
1552,564,348,9,1462.86,39
1553,1282,226,2,2130.6,23
1554,999,4,6,611.34,65
1555,964,254,3,5902.95,8
1556,1558,222,5,38974.83,56
1557,702,327,9,4459.44,23
1558,397,399,2,5968.36,29
1559,437,158,9,1124.55,40
1560,1570,272,8,2876.98,87
1561,615,475,10,2474.28,73
1562,1377,80,6,2849.7,24
1563,1570,203,3,53105.31,20
1564,1250,340,3,1519.2,66
1565,971,335,10,5178.6,53
1566,1597,372,5,45908.46,33
1567,967,479,5,5308.27,18
1568,628,171,6,1999.2,95
1569,646,231,5,3482.13,72
1570,806,391,7,5392.2,97
1571,1926,207,1,1922.2,52
1572,725,331,3,1078.8,98
1573,562,10,4,3435.92,84
1574,1468,132,5,2748.56,47
1575,49,165,7,3321.0,48
1576,668,286,9,5313.35,25
1577,1634,111,10,1280.16,56
1578,1754,141,2,6228.32,31
1579,329,167,8,211.4,92
1580,1215,241,1,6456.12,84
1581,799,353,8,3572.01,35
1582,1243,301,-7,2506.38,12
1583,115,328,6,17171.36,68
1584,757,225,5,4825.1,60
1585,276,451,2,2914.8,99
1586,1501,212,3,612.39,19
1587,1208,154,10,50623.56,71
1588,181,225,4,5124.0,73
1589,1120,391,5,6225.54,67
1590,1674,150,1,1723.68,98
1591,1577,35,6,1941.8,46
1592,1854,396,8,917.7,27
1593,378,165,8,2878.2,58
1594,742,171,4,1925.7,90
1595,531,131,10,3613.61,2
1596,288,62,7,311.19,50
1597,1651,250,1,38686.56,67
1598,124,468,9,1173.7,2
1599,1159,224,1,2714.6,64
1600,1789,409,6,57171.15,68
1601,1008,145,10,2586.0,81
1602,138,377,2,6170.88,11
1603,1996,286,2,5073.65,20
1604,1636,263,2,2959.36,59
1605,1250,333,-4,12720.62,9
1606,1572,351,7,2760.8,35
1607,954,232,3,1587.3,42
1608,150,94,10,868.8,58
1609,1081,400,7,20469.54,2
1610,823,295,5,2487.1,79
1611,1697,200,1,195.8,28
1612,661,219,3,864.94,28
1613,1197,346,6,44248.07,58
1614,1339,341,4,6536.52,73
1615,1896,182,-10,34127.04,24
1616,1584,76,4,844.9,23
1617,207,14,9,2714.16,5
1618,1597,66,9,5262.29,8
1619,671,446,6,3648.75,29
1620,1348,107,4,403.41,20
1621,869,139,4,450.36,27
1622,1582,182,1,34127.04,56
1623,253,428,7,1333.2,56
1624,1777,381,4,7450.54,6
1625,916,225,7,4953.2,26
1626,1579,195,10,537.2,15
1627,191,497,3,2227.68,74
1628,1484,265,2,1777.9,96
1629,430,62,8,336.49,77
1630,734,384,6,16217.55,24
1631,431,47,9,29667.99,61
1632,523,261,2,2143.4,58
1633,34,4,7,598.05,53
1634,820,493,2,1294.7,46
1635,1937,159,2,4468.59,83
1636,616,118,2,2120.3,82
1637,1660,200,8,195.8,35
1638,1495,332,6,14713.05,18
1639,1736,128,3,14624.0,1
1640,263,266,3,2601.48,88
1641,963,391,1,5441.22,76
1642,1644,108,5,5050.54,79
1643,850,422,-3,3001.2,22
1644,358,480,9,3172.4,19
1645,1520,415,3,30961.48,14
1646,1611,84,1,6527.5,26
1647,627,207,6,1908.47,33
1648,1274,165,1,3321.0,3
1649,680,15,8,38876.64,94
1650,1786,74,7,4214.67,69
1651,773,391,10,6519.66,67
1652,348,81,2,9191.6,44
1653,1838,115,2,1838.85,8
1654,231,496,8,7598.72,53
1655,1754,460,9,2576.72,17
1656,1755,309,1,3938.9,60
1657,962,461,5,2538.78,41
1658,1345,277,6,37794.4,78
1659,1369,367,2,131680.0,63
1660,1534,426,10,3596.0,16
1661,450,264,3,1846.8,18
1662,462,338,2,5846.68,12
1663,1469,207,5,1894.74,78
1664,216,128,4,13481.5,23
1665,1496,338,5,5275.2,90
1666,1995,237,10,2630.88,66
1667,1183,453,5,195.64,16
1668,672,217,-6,1121.36,18
1669,1187,378,1,7396.13,49
1670,1295,25,4,10405.2,1
1671,293,325,1,4225.52,30
1672,332,204,6,50.6,73
1673,985,248,6,1947.64,80
1674,1781,419,10,5536.36,57
1675,440,233,10,4565.42,69
1676,901,61,5,821.6,98
1677,1054,474,-6,3466.8,23
1678,523,175,8,155.44,70
1679,935,340,2,1658.46,43
1680,1564,266,5,2555.84,46
1681,874,329,1,19054.0,69
1682,259,49,4,22855.68,14
1683,247,282,5,14207.82,44
1684,629,232,7,1550.67,10
1685,1979,444,9,50994.45,50
1686,1680,482,9,8639.68,18
1687,1721,349,4,2158.74,2
1688,407,376,6,6049.26,76
1689,1598,78,10,165.77,67
1690,1076,25,9,10948.08,69
1691,472,356,9,971.75,47
1692,326,52,3,4966.0,81
1693,1760,317,4,13158.0,96
1694,1467,78,9,169.4,78
1695,869,440,-4,768.18,6
1696,1965,497,7,2103.92,49
1697,1846,268,7,22402.92,60
1698,959,165,3,3271.8,38
1699,1,39,5,12365.76,71
1700,1369,160,4,2500.61,93
1701,1256,305,2,8260.62,96
1702,841,72,3,2278.75,20
1703,1566,498,4,5485.12,20
1704,1324,215,7,5731.84,24
1705,510,428,6,1357.44,28
1706,1973,486,5,5635.02,51
1707,253,372,10,54933.2,86
1708,311,106,8,2103.3,86
1709,565,390,6,1365.1,81
1710,241,267,5,3439.8,13
1711,1581,322,10,2297.5,29
1712,1353,225,5,5807.2,15
1713,1109,381,10,7572.68,19
1714,145,451,6,3352.02,34
1715,1945,21,7,2793.44,32
1716,232,321,8,4316.07,74
1717,345,449,8,3099.42,37
1718,461,268,2,18182.08,93
1719,1236,492,10,946.67,46
1720,495,446,8,3570.0,89
1721,1973,222,7,38285.01,81
1722,216,443,5,10700.48,92
1723,1501,142,5,15931.5,65
1724,674,215,5,5418.38,10
1725,27,52,8,4469.4,74
1726,1014,114,10,6525.15,85
1727,545,54,8,1785.62,77
1728,1716,290,7,3820.98,66
1729,1783,474,7,3206.79,77
1730,221,303,2,934.4,12
1731,241,495,4,664.29,74
1732,1378,364,10,3475.98,50
1733,1472,382,1,2649.9,82
1734,1615,226,8,2035.2,66
1735,77,482,7,10129.28,80
1736,1525,399,7,5834.74,3
1737,443,291,3,336.6,80
1738,1938,169,2,45600.8,52
1739,1643,15,8,47982.88,32
1740,735,420,6,3312.98,31
1741,567,229,-1,556.8,58
1742,1432,326,5,7016.24,20
1743,429,286,9,5193.5,41
1744,1517,206,6,8129.78,22
1745,1730,256,2,26978.4,45
1746,1263,276,4,4959.6,39
1747,208,469,2,5478.2,51
1748,641,319,8,5558.8,23
1749,1550,196,4,421.26,90
1750,995,180,6,2592.0,56
1751,1835,186,3,8163.4,21
1752,662,9,2,11410.92,74
1753,636,466,9,75898.68,82
1754,1148,152,9,753.11,22
1755,816,317,2,11223.0,11
1756,186,365,10,8105.09,84
1757,829,437,5,2725.74,91
1758,697,273,6,2294.82,17
1759,1887,198,2,1819.36,94
1760,1669,449,5,2983.77,72
1761,1989,43,6,2072.07,56
1762,1692,21,4,2608.58,19
1763,1368,141,1,6951.25,28
1764,1707,356,4,988.65,28
1765,902,332,4,15110.7,1
1766,608,125,-1,20230.79,78
1767,990,430,8,6550.98,71
1768,1129,291,4,376.38,23
1769,1737,266,10,2784.04,80
1770,1179,455,7,4809.28,33
1771,1448,408,6,1023.3,33
1772,884,190,6,2667.54,30
1773,656,277,6,30235.52,88
1774,276,165,4,3321.0,68
1775,1186,66,2,6045.11,64
1776,1451,244,9,17748.0,13
1777,1654,424,10,3892.59,92
1778,714,368,9,995.52,28
1779,953,138,10,1729.92,6
1780,943,317,8,12093.75,75
1781,894,34,3,8585.5,71
1782,919,287,1,877.68,44
1783,977,445,3,1932.0,87
1784,726,34,5,9990.4,32
1785,1941,460,1,2742.96,76
1786,1006,221,3,570.96,27
1787,1356,232,5,1550.67,89
1788,1382,156,6,1291.68,72
1789,1636,449,9,3238.2,52
1790,296,393,9,5880.59,75
1791,645,442,1,6185.55,6
1792,1459,387,6,19143.68,15
1793,1587,37,10,41490.4,67
1794,848,374,3,65273.74,24
1795,510,308,3,3417.68,23
1796,61,333,8,12625.69,15
1797,680,46,2,4872.0,51
1798,1176,359,7,64781.1,52
1799,781,357,8,1603.98,43
1800,375,50,-5,2637.8,22
1801,1449,221,5,585.0,11
1802,378,134,7,3528.72,29
1803,720,332,2,15906.0,57
1804,1540,49,9,21749.76,2
1805,1801,311,1,2141.22,7
1806,1399,192,2,2107.95,0
1807,1974,271,1,559.9,41
1808,788,157,-1,2824.2,72
1809,1154,192,2,2566.2,22
1810,387,326,10,6545.0,23
1811,1097,112,6,1898.4,87
1812,1870,80,10,2998.38,73
1813,363,457,8,15272.4,98
1814,364,260,3,4577.76,56
1815,63,319,1,5943.64,68
1816,1820,491,2,41791.95,39
1817,1915,150,2,1829.52,87
1818,370,303,9,839.5,12
1819,1020,99,10,1016.88,78
1820,1885,173,8,764.5,84
1821,1123,426,7,4185.0,57
1822,1934,60,9,16679.04,43
1823,505,188,3,3921.84,62
1824,386,407,7,60831.33,45
1825,121,470,8,2660.85,84
1826,1450,387,10,16900.28,66
1827,187,340,6,1759.74,67
1828,1154,295,9,2848.86,50
1829,1551,280,4,10520.79,41
1830,278,230,4,2331.21,80
1831,874,207,7,1675.06,10
1832,1005,13,8,3663.46,41
1833,1150,248,10,2048.38,39
1834,1020,403,5,185748.12,87
1835,1432,29,9,33177.2,5
1836,386,485,2,1282.82,75
1837,1532,461,10,2828.29,22
1838,1313,161,1,9761.22,3
1839,97,495,5,669.78,24
1840,721,494,9,4574.31,87
1841,1790,223,9,8852.76,22
1842,1042,190,1,2686.87,27
1843,203,235,3,1665.66,28
1844,1460,164,2,6151.2,26
1845,1015,106,10,2398.5,78
1846,32,24,7,3708.52,88
1847,239,474,5,3177.9,30
1848,1351,417,6,2509.3,49
1849,1693,117,6,31597.48,51
1850,92,80,3,3196.62,31
1851,1274,343,5,11442.96,54
1852,1394,293,5,1027.76,83
1853,1509,468,5,1193.1,88
1854,21,213,7,74959.24,35
1855,1726,462,4,1311.04,99
1856,1000,130,10,16471.4,80
1857,1419,203,1,51167.16,98
1858,920,66,4,4870.88,81
1859,235,60,3,20550.96,62
1860,137,94,9,868.8,21
1861,1933,379,5,7355.6,87
1862,1465,477,7,8051.54,68
1863,587,146,10,9904.92,13
1864,1559,62,7,344.08,25
1865,1947,45,9,3353.76,63
1866,412,66,9,4827.39,60
1867,981,56,2,1983.15,4
1868,1707,199,3,2236.64,97
1869,1421,413,2,8500.05,55
1870,1261,190,8,2570.89,18
1871,906,306,1,5499.38,64
1872,1571,499,4,4748.96,26
1873,1485,163,1,18963.2,1
1874,1943,79,6,21532.29,32
1875,1888,90,6,1026.72,25
1876,1847,330,1,276.94,48
1877,314,485,5,1358.28,8
1878,462,95,4,2808.0,84
1879,1477,225,1,5849.9,56
1880,143,432,4,8612.04,67
1881,590,286,3,4554.3,70
1882,1975,163,1,16740.95,87
1883,134,210,9,1497.33,2
1884,1267,369,3,27907.39,41
1885,759,20,3,18108.36,13
1886,1402,120,-1,7205.32,0
1887,1153,30,7,3114.16,72
1888,246,439,4,91026.2,80
1889,73,289,9,2395.68,2
1890,1329,422,8,3391.6,73
1891,1321,198,5,1739.68,78
1892,793,231,4,3708.61,62
1893,1255,129,6,60329.1,58
1894,982,471,3,1235.04,68
1895,1802,185,4,3947.82,36
1896,1305,375,-3,4852.4,49
1897,527,452,3,3234.33,94
1898,43,222,5,39319.74,5
1899,942,211,9,1953.62,29
1900,824,65,6,4809.36,51
1901,863,453,7,181.04,93
1902,927,228,7,27919.84,46
1903,692,167,7,172.14,92
1904,1086,106,4,2140.2,91
1905,392,292,4,18104.8,93
1906,1351,402,10,3236.75,59
1907,1123,442,7,5801.95,82
1908,629,110,7,57772.92,60
1909,223,278,8,13462.47,99
1910,1782,320,7,4284.6,25
1911,445,173,9,759.0,20
1912,1351,197,9,9785.88,23
1913,1932,227,1,2555.52,26
1914,791,291,3,361.08,95
1915,1394,289,3,2780.7,51
1916,1178,401,4,23471.46,52
1917,649,240,4,2101.58,94
1918,268,391,8,5882.4,78
1919,1911,391,10,6176.52,94
1920,1287,449,1,3030.03,12
1921,1612,34,2,8585.5,1
1922,1885,442,1,5754.0,11
1923,642,477,6,7848.56,95
1924,309,491,4,36838.83,8
1925,744,320,6,4940.8,57
1926,973,174,3,42217.63,38
1927,208,411,9,21920.15,19
1928,335,213,2,78031.34,79
1929,840,82,9,9766.3,80
1930,962,359,5,63341.52,31
1931,2000,59,3,37429.92,56
1932,199,387,1,17049.84,48
1933,969,195,8,454.25,98
1934,41,301,6,3138.62,56
1935,1198,293,3,1098.64,2
1936,1988,252,10,1481.04,43
1937,175,454,6,23839.2,22
1938,277,320,5,5056.6,50
1939,1878,77,2,2496.44,85
1940,404,493,6,1273.3,91
1941,1624,486,2,5981.03,77
1942,1638,254,1,6621.57,75
1943,856,87,6,10353.09,32
1944,394,263,5,2913.12,3
1945,1003,164,3,5172.6,83
1946,490,359,5,56623.48,57
1947,887,173,1,649.0,95
1948,1556,337,8,14596.02,10
1949,682,283,1,809.4,79
1950,22,377,10,5303.1,38
1951,780,103,8,5503.42,49
1952,74,356,5,1115.4,48
1953,688,188,9,4592.24,54
1954,834,363,6,608.76,44
1955,1473,134,9,3528.72,62
1956,577,137,2,193704.84,57
1957,1882,344,2,2066.85,85
1958,1871,164,9,6430.8,14
1959,48,416,3,3040.2,97
1960,220,125,2,16982.05,47
1961,134,79,10,21217.95,30
1962,1596,45,2,2692.8,92
1963,28,378,6,7618.57,79
1964,145,80,10,3221.4,58
1965,1293,448,6,4031.1,85
1966,217,314,2,7664.55,90
1967,285,103,2,5187.65,11
1968,1471,488,2,50645.1,55
1969,1622,352,4,32135.48,6
1970,1469,41,7,5565.6,80
1971,1085,99,8,1213.12,25
1972,1451,254,10,6775.56,23
1973,961,148,10,5555.35,7
1974,907,95,9,2574.0,10
1975,361,499,4,4181.92,18
1976,1799,278,10,13123.08,89
1977,254,360,2,963.96,23
1978,1738,165,4,2829.0,50
1979,1302,429,10,15039.22,76
1980,845,260,5,3904.56,54
1981,514,423,6,15142.05,30
1982,1087,4,5,527.17,96
1983,331,34,1,8741.6,63
1984,705,463,1,1082.31,96
1985,1675,221,2,613.08,97
1986,1841,367,8,115878.4,95
1987,1382,46,6,4454.4,98
1988,1877,469,6,5562.48,87
1989,1241,348,2,1486.08,33
1990,1490,430,6,6604.24,45
1991,1521,416,-8,2724.92,63
1992,615,391,8,5882.4,69
1993,1526,98,4,10158.08,21
1994,88,354,6,4779.78,59
1995,1803,237,6,2902.32,51
1996,950,445,8,2139.0,19
1997,291,378,7,6840.03,3
1998,1789,72,6,2224.06,80
1999,306,205,6,239.8,55
2000,1621,419,3,5173.32,75
2001,1938,95,4,2644.2,2
2002,802,242,3,835.44,43
2003,406,12,8,434.32,20
2004,622,425,9,6150.16,29
2005,390,250,10,37833.18,63
2006,887,223,3,8782.5,85
2007,123,181,2,254.24,41
2008,1446,245,10,904.4,18
2009,482,266,8,3080.7,27
2010,853,252,1,1713.6,39
2011,1294,82,6,9997.0,39
2012,1401,317,7,12480.75,15
2013,1227,67,9,11590.6,43
2014,1485,192,3,2217.93,72
2015,1988,243,2,3050.3,57
2016,758,214,4,704.12,41
2017,1410,120,6,7677.8,60
2018,1612,144,9,1778.4,73
2019,1626,170,4,1286.16,16
2020,1978,165,10,3419.4,29
2021,1451,304,10,1233.18,31
2022,1001,289,8,2951.82,2
2023,642,262,2,1656.76,96
2024,304,320,6,4323.2,67
2025,1006,237,10,2881.44,93
2026,545,35,8,1692.14,99
2027,396,406,5,4382.4,18
2028,746,435,1,16480.0,31
2029,458,325,1,3728.4,45
2030,1690,318,8,3096.26,18
2031,1605,140,6,992.5,40
2032,1239,453,9,169.36,82
2033,386,491,10,39934.53,15
2034,606,376,1,6385.33,24
2035,1073,410,9,3943.66,31
2036,1620,193,7,1250.04,1
2037,611,134,4,3467.88,37
2038,52,15,7,39226.88,47
2039,953,398,3,445.16,80
2040,783,285,-3,38352.99,56
2041,1554,161,2,10683.54,35
2042,934,142,4,16176.6,77
2043,929,146,3,10744.32,16
2044,662,490,1,4247.67,6
2045,1778,168,9,4216.25,47
2046,291,162,7,9422.13,3
2047,1288,223,6,8571.72,22
2048,669,314,1,8976.5,36
2049,664,290,10,3287.82,65
2050,115,371,3,747.5,8
2051,1899,35,3,1581.18,13
2052,1071,84,4,5848.64,96
2053,738,498,6,5395.2,10
2054,846,176,2,3220.0,51
2055,1117,32,9,5880.63,82
2056,1618,203,3,49229.01,11
2057,1668,107,8,389.85,14
2058,1563,467,5,2552.94,30
2059,116,331,9,957.0,6
2060,1317,432,4,8345.0,5
2061,87,113,4,638.4,19
2062,1955,446,3,3307.5,40
2063,662,199,7,2196.7,65
2064,1568,149,8,1887.6,85
2065,1464,357,7,1786.89,8
2066,83,103,10,5007.21,26
2067,471,299,8,3128.4,44
2068,1438,42,10,1777.44,47
2069,1043,461,3,2716.94,27
2070,312,275,1,2945.41,80
2071,1525,319,5,5045.68,71
2072,767,262,7,1561.7,25
2073,1545,312,5,6450.0,25
2074,670,460,-5,2535.16,15
2075,1333,147,8,140547.0,57
2076,1236,496,9,8211.52,51
2077,420,95,2,2597.4,49
2078,1648,55,4,836.36,97
2079,1168,377,5,6556.56,88
2080,1381,110,10,68922.08,38
2081,740,238,1,5292.3,80
2082,471,291,5,354.96,65
2083,49,159,1,4214.28,23
2084,1763,171,4,1837.5,92
2085,796,369,6,26018.92,50
2086,1233,386,3,1567.92,62
2087,984,288,10,5785.78,85
2088,1756,481,4,1169.28,78
2089,220,453,1,200.02,3
2090,1269,26,1,10690.4,35
2091,1905,1,5,17419.52,48
2092,1493,291,3,345.78,6
2093,754,111,4,1249.68,94
2094,1795,191,2,1687.4,53
2095,1339,12,5,477.04,4
2096,1841,62,5,288.42,33
2097,936,477,4,7645.58,81
2098,1525,488,1,63536.58,60
2099,358,8,2,1492.96,92
2100,481,234,10,171.6,71
2101,560,139,1,427.68,72
2102,983,33,3,2756.16,8
2103,815,348,7,1277.1,4
2104,1019,222,8,42423.93,22
2105,1993,7,10,2321.16,5
2106,1345,33,5,3136.32,36
2107,1473,246,4,1850.85,34
2108,50,344,5,2143.4,24
2109,481,354,-8,5246.1,0
2110,1332,23,10,5790.88,55
2111,1145,488,8,62155.35,29
2112,1466,435,1,15688.96,46
2113,182,307,6,15539.68,60
2114,1116,84,6,6840.82,47
2115,1488,283,9,809.4,41
2116,1506,328,6,17898.96,22
2117,1189,206,6,7523.08,44
2118,1572,150,3,2056.32,86
2119,1540,456,8,1864.13,69
2120,836,185,7,3878.56,77
2121,519,454,3,25542.0,45
2122,1322,239,8,3237.44,69
2123,1765,349,3,2223.18,5
2124,704,260,3,4342.14,43
2125,1107,324,3,1938.55,73
2126,286,418,4,2109.36,88
2127,812,42,7,1777.44,14
2128,1027,279,1,1054.62,13
2129,1179,3,5,3647.36,70
2130,1362,483,3,3360.91,29
2131,1401,364,6,3532.5,14
2132,667,375,-6,4401.82,50
2133,1072,337,7,13036.14,73
2134,720,384,7,17404.2,96
2135,218,116,8,6422.76,88
2136,1834,386,4,1488.96,0
2137,1830,407,9,73984.05,13
2138,1015,74,2,5012.04,39
2139,496,387,7,17797.64,26
2140,1110,327,2,4590.6,24
2141,49,9,1,11706.03,15
2142,425,96,2,3944.64,32
2143,927,487,2,1055.34,45
2144,1355,207,1,1812.36,76
2145,615,176,7,3116.96,26
2146,623,220,10,16961.28,61
2147,1301,315,10,29617.02,86
2148,1007,17,8,4288.8,44
2149,64,131,8,3722.29,49
2150,1542,276,2,5083.59,88
2151,1203,318,6,3413.2,87
2152,1005,14,7,2335.44,62
2153,1555,464,2,1463.75,32
2154,1114,48,2,5202.99,92
2155,1702,367,2,130626.56,48
2156,1535,173,4,709.5,60
2157,71,166,5,435.61,99
2158,1442,438,8,80988.88,78
2159,841,49,1,24145.92,16
2160,1216,442,1,6665.05,64
2161,911,36,9,2455.25,59
2162,563,357,10,1716.54,68
2163,1339,371,1,705.64,74
2164,241,358,9,3738.75,22
2165,1848,232,5,1672.77,20
2166,82,149,10,2059.2,54
2167,225,352,3,38784.2,9
2168,408,247,8,2026.44,0
2169,794,398,3,481.06,48
2170,90,155,3,4497.48,43
2171,1773,350,10,30896.24,63
2172,469,366,8,291.6,89
2173,1942,467,2,2465.66,21
2174,286,68,10,15055.36,3
2175,898,255,6,81508.95,89
2176,881,11,9,974.28,88
2177,755,326,9,5916.68,53
2178,971,18,5,567.03,71
2179,1438,217,2,958.72,11
2180,539,450,6,2790.0,51
2181,1039,471,4,1384.44,17
2182,248,13,3,3631.04,73
2183,383,341,4,6048.72,84
2184,1119,192,9,2162.94,61
2185,137,498,3,5754.88,52
2186,238,287,1,744.12,25
2187,302,154,3,58042.53,89
2188,801,6,6,3530.91,65
2189,1615,7,2,2119.32,85
2190,545,300,9,2810.5,38
2191,1804,416,3,2702.4,31
2192,1763,246,4,1590.36,84
2193,973,245,8,881.6,12
2194,354,199,9,2596.1,80
2195,1109,440,2,742.14,85
2196,261,440,9,742.14,97
2197,140,245,9,851.2,72
2198,338,127,7,43820.56,80
2199,741,481,-4,1419.84,33
2200,833,31,7,1129.98,41
2201,1599,203,1,44965.08,85
2202,1488,477,6,8254.52,57
2203,1242,429,4,16808.54,16
2204,982,315,9,36821.16,52
2205,1324,447,3,3645.72,76
2206,1068,148,8,5433.7,9
2207,887,308,-1,3090.99,8
2208,1151,44,3,2370.46,82
2209,82,190,5,2358.26,35
2210,952,333,-6,11296.67,68
2211,1240,168,5,4621.01,60
2212,1048,250,7,38117.64,88
2213,1208,356,9,1174.55,87
2214,1240,307,10,14286.48,60
2215,691,47,8,29422.8,68
2216,1059,316,2,9388.08,80
2217,550,479,5,6010.19,36
2218,1218,263,4,2774.4,41
2219,1858,123,10,16010.32,44
2220,1992,157,4,2845.12,42
2221,1061,347,7,1251.98,33
2222,1225,218,4,7845.7,78
2223,1824,403,3,187134.3,98
2224,1410,152,4,776.83,87
2225,741,365,9,7405.37,41
2226,419,409,8,54206.72,66
2227,356,61,5,821.6,31
2228,422,307,6,14411.8,82
2229,1659,255,6,70641.09,50
2230,992,368,5,1017.48,72
2231,941,276,6,4711.62,32
2232,1242,37,5,41860.85,48
2233,1666,282,7,13709.3,8
2234,387,416,5,3130.28,63
2235,932,479,9,5615.36,35
2236,1047,291,7,354.96,34
2237,105,219,8,945.57,13
2238,976,224,7,2326.8,15
2239,287,93,2,9850.61,97
2240,1642,28,1,7528.15,8
2241,569,56,9,2152.65,34
2242,261,402,2,3718.25,95
2243,1407,217,4,950.16,84
2244,1161,31,1,1150.34,43
2245,1279,369,5,24969.77,55
2246,493,119,4,9066.12,77
2247,1169,385,5,3144.18,70
2248,725,431,4,2530.8,2
2249,1134,300,6,3423.7,28
2250,352,413,7,8427.4,69
2251,1263,9,3,11017.44,73
2252,1517,315,5,36020.7,62
2253,256,49,4,25251.84,52
2254,453,124,8,1026.84,21
2255,1827,89,4,35056.62,13
2256,7,123,5,16976.46,74
2257,1764,308,7,3116.12,27
2258,476,52,2,4698.6,91
2259,910,227,3,2574.88,49
2260,1743,315,7,29350.2,69
2261,1567,140,4,1095.72,86
2262,1007,224,9,2326.8,41
2263,43,256,9,29001.78,49
2264,1717,227,10,2245.76,47
2265,296,361,2,15356.16,89
2266,1400,194,3,1073.25,51
2267,425,112,6,2032.8,51
2268,562,128,5,15766.5,29
2269,778,308,8,3518.2,3
2270,1406,479,10,5132.79,82
2271,1429,34,8,10302.6,2
2272,797,293,6,1072.06,48
2273,42,252,7,1627.92,57
2274,1863,218,2,7201.65,32
2275,714,118,5,1973.51,33
2276,981,81,3,9776.52,74
2277,1321,265,10,1947.96,25
2278,1733,19,7,625.57,6
2279,1558,118,2,2152.92,20
2280,190,316,9,8831.16,32
2281,163,269,5,1282.16,19
2282,601,73,7,1555.24,23
2283,470,210,-5,1355.85,66
2284,137,119,2,9066.12,6
2285,1173,336,3,2817.92,70
2286,964,483,7,3487.26,21
2287,484,9,4,12689.73,91
2288,158,35,2,1636.66,22
2289,1094,64,8,23351.49,97
2290,756,371,3,681.72,68
2291,1910,96,-4,4754.7,1
2292,667,438,3,93556.12,34
2293,1052,417,1,2749.32,64
2294,1833,30,7,2649.36,21
2295,100,241,3,6600.66,16
2296,496,442,10,6521.2,47
2297,1176,401,5,25530.36,31
2298,932,90,2,1092.96,31
2299,332,328,10,19499.68,5
2300,138,194,3,874.5,36
2301,944,271,8,666.79,96
2302,809,282,9,16575.79,51
2303,1821,269,8,1447.6,82
2304,1932,267,6,3685.5,77
2305,1183,368,7,980.88,32
2306,1073,480,7,2605.9,64
2307,1758,256,3,30350.7,4
2308,424,38,10,1698.84,38
2309,237,310,7,788.12,48
2310,614,192,1,2199.6,62
2311,407,385,1,2623.92,55
2312,1588,327,3,4065.96,75
2313,1619,389,3,3855.8,38
2314,812,126,3,10068.3,29
2315,1851,225,5,5337.5,51
2316,956,365,8,7055.51,26
2317,949,67,7,13636.0,6
2318,503,486,3,6821.34,81
2319,1890,52,5,4622.2,6
2320,718,239,7,3334.08,83
2321,1787,222,2,44493.39,37
2322,727,421,9,54044.85,61
2323,83,479,8,4913.44,45
2324,679,100,5,6342.57,64
2325,340,6,2,3626.34,95
2326,1457,288,5,5396.82,3
2327,1044,112,9,2032.8,3
2328,919,207,6,1853.55,78
2329,943,178,10,8317.2,36
2330,754,27,9,5532.16,15
2331,1810,225,8,5252.1,97
2332,1053,19,9,687.61,95
2333,1160,260,2,4712.4,19
2334,1911,423,7,13662.0,84
2335,1463,226,5,1812.6,18
2336,1561,469,4,4719.68,78
2337,787,142,7,14338.35,5
2338,91,156,1,1545.6,17
2339,399,215,10,5194.48,53
2340,1638,423,3,14003.55,70
2341,1164,131,4,2988.7,8
2342,335,440,1,768.18,93
2343,989,403,2,162183.06,59
2344,1875,85,8,9549.63,10
2345,1371,236,6,2889.6,93
2346,763,436,8,28712.6,33
2347,1182,286,9,5513.1,94
2348,678,324,6,1782.9,19
2349,1368,350,10,28415.52,87
2350,572,413,10,9735.1,31
2351,464,418,-1,1907.73,61
2352,558,169,9,45600.8,63
2353,1993,371,7,663.78,75
2354,616,411,5,21538.93,18
2355,1137,115,4,2063.1,31
2356,951,464,3,1627.69,12
2357,1429,278,9,13688.73,52
2358,1521,205,7,279.04,42
2359,613,42,4,1481.2,79
2360,986,486,-2,6623.62,40
2361,1897,456,1,1750.29,51
2362,1670,222,3,42423.93,60
2363,63,171,6,1661.1,39
2364,483,250,8,39539.94,50
2365,1206,110,7,62333.94,30
2366,587,125,10,19935.45,21
2367,689,82,10,9228.0,75
2368,772,437,2,2701.83,10
2369,169,408,1,864.12,69
2370,878,253,2,21214.18,89
2371,1328,78,1,133.1,60
2372,364,17,3,4253.06,46
2373,1391,352,6,36290.93,73
2374,180,21,3,2834.52,39
2375,677,52,1,4889.6,10
2376,81,315,1,36287.52,24
2377,1617,88,7,25215.76,62
2378,221,137,10,165833.64,78
2379,1714,270,2,13351.12,78
2380,583,71,2,1341.68,77
2381,1746,134,3,3954.6,99
2382,1434,264,2,1710.0,77
2383,459,353,5,3388.83,50
2384,1746,174,3,46829.64,60
2385,1660,232,6,1709.4,65
2386,628,151,7,6135.24,30
2387,1627,434,-5,28679.83,41
2388,432,124,8,907.44,90
2389,318,19,2,573.87,75
2390,1793,61,3,714.16,57
2391,259,77,2,2137.24,98
2392,682,353,6,3907.84,30
2393,1472,247,7,2130.36,15
2394,1905,330,-9,301.91,75
2395,620,480,4,3127.08,60
2396,1344,18,6,530.15,50
2397,393,177,2,14669.76,4
2398,1723,437,-5,2917.02,23
2399,1665,255,8,79093.87,50
2400,1606,364,6,3504.24,17
2401,1671,168,7,4418.63,40
2402,1963,469,10,5773.18,89
2403,377,4,3,620.2,32
2404,852,48,8,6136.86,42
2405,304,22,-3,3504.15,65
2406,1237,254,5,7134.87,25
2407,1477,93,7,9036.51,98
2408,19,324,6,1867.8,43
2409,1639,315,6,32018.4,0
2410,215,248,9,1947.64,27
2411,303,171,9,1734.6,67
2412,801,456,9,1821.44,78
2413,1898,314,4,8493.15,98
2414,1946,375,1,4297.84,92
2415,1211,281,5,1946.91,96
2416,935,23,5,5109.6,2
2417,835,302,2,64413.75,53
2418,1903,238,10,5210.88,29
2419,1891,162,10,8680.23,57
2420,543,154,1,59351.76,29
2421,1369,464,10,1381.78,50
2422,544,3,9,3070.08,5
2423,455,488,8,53867.97,50
2424,5,221,1,655.2,9
2425,1644,412,5,3182.62,69
2426,1925,214,1,764.82,93
2427,1628,393,5,6015.26,76
2428,1359,27,8,5532.16,27
2429,1094,339,9,4010.3,99
2430,238,438,4,97047.02,49
2431,1149,372,6,45123.7,69
2432,1344,103,1,5909.41,54
2433,164,169,4,53648.0,61
2434,43,51,3,113318.36,95
2435,1498,133,3,84278.85,37
2436,1376,132,7,2324.15,54
2437,418,374,3,59384.38,12
2438,1567,478,5,2515.66,69
2439,1417,281,2,1716.96,19
2440,1789,63,1,1024.8,30
2441,136,399,5,6235.6,22
2442,233,392,8,1009.2,15
2443,1025,393,9,5566.36,65
2444,251,247,10,2043.76,10
2445,730,404,2,3575.55,22
2446,795,413,4,9226.55,32
2447,1486,10,10,3998.7,98
2448,177,33,3,2708.64,43
2449,329,268,9,18831.44,61
2450,1894,388,6,292.6,43
2451,1748,200,7,201.14,65
2452,1589,416,7,2612.32,21
2453,390,318,8,3266.92,75
2454,1532,358,2,3978.03,29
2455,1710,337,8,14150.34,98
2456,938,199,6,2596.1,47
2457,408,461,1,2471.97,57
2458,386,2,10,6409.37,2
2459,1362,479,6,5703.1,43
2460,852,384,1,15822.0,59
2461,175,69,2,2133.66,66
2462,1150,393,2,5745.92,17
2463,970,254,9,6518.91,92
2464,1560,175,2,149.64,4
2465,1611,428,6,1418.04,39
2466,1100,421,7,50640.45,4
2467,1759,55,1,1009.4,38
2468,1362,494,-3,5439.72,33
2469,1671,195,3,466.1,43
2470,1741,211,2,1796.76,46
2471,154,256,5,29901.06,38
2472,834,12,1,423.64,41
2473,379,365,2,7988.47,17
2474,1908,269,10,1333.86,12
2475,743,59,2,31775.04,98
2476,684,163,2,17037.25,73
2477,435,299,2,3327.48,6
2478,567,160,9,2410.66,69
2479,1870,440,2,878.85,91
2480,1125,479,10,6010.19,88
2481,1119,153,9,2152.33,38
2482,206,459,7,4368.4,5
2483,639,471,7,1115.52,84
2484,683,138,1,1450.08,8
2485,194,486,10,5437.3,13
2486,1826,245,1,950.0,46
2487,832,278,2,13349.34,20
2488,1211,482,9,10278.24,31
2489,168,172,3,1798.6,83
2490,1881,292,2,16811.6,2
2491,964,112,3,1932.0,94
2492,1961,421,9,49789.35,52
2493,11,349,9,2223.18,34
2494,1182,407,4,68503.75,70
2495,488,31,7,1180.88,78
2496,1366,199,4,2715.92,67
2497,600,177,3,16123.52,75
2498,843,467,10,2596.58,34
2499,511,316,2,10501.92,53
2500,523,332,10,16568.75,0
2501,235,208,10,446.6,95
2502,519,354,3,4974.08,23
2503,1668,329,10,15379.3,85
2504,510,68,1,13761.54,31
2505,1526,24,2,4188.07,50
2506,273,495,4,647.82,14
2507,1177,2,4,6992.04,14
2508,1700,357,1,1730.61,13
2509,700,106,8,2103.3,18
2510,1484,332,2,18159.35,47
2511,666,211,7,1868.06,66
2512,1394,141,8,7284.91,25
2513,1757,326,3,6073.76,49
2514,724,97,-4,5835.0,62
2515,1944,141,7,6172.71,32
2516,7,222,8,39664.65,7
2517,1601,456,1,1892.59,58
2518,1074,149,4,2110.68,14
2519,1805,148,3,4825.45,35
2520,363,219,1,916.25,97
2521,1085,34,10,9678.2,44
2522,621,330,4,281.48,25
2523,1410,443,5,10700.48,61
2524,1974,200,5,204.7,61
2525,452,225,3,4697.0,99
2526,481,331,8,1061.4,28
2527,1943,283,9,923.0,18
2528,225,138,6,1602.72,32
2529,1413,51,5,111687.88,84
2530,1058,410,5,4407.62,51
2531,42,33,10,3326.4,13
2532,495,461,5,2627.86,31
2533,1552,491,9,42411.09,78
2534,1177,410,9,4606.46,23
2535,1286,255,9,66414.7,19
2536,1964,11,6,946.04,88
2537,1577,284,7,6104.32,43
2538,3,247,4,1991.8,13
2539,1501,157,7,2468.56,89
2540,1648,140,10,921.04,80
2541,824,343,10,10613.76,72
2542,731,50,7,2725.0,79
2543,402,456,4,1707.6,5
2544,1757,173,6,687.5,97
2545,494,273,6,2351.25,29
2546,883,491,9,34052.7,88
2547,157,53,10,1978.92,17
2548,474,211,1,1654.16,59
2549,845,274,2,5495.19,87
2550,1999,281,8,2023.56,17
2551,453,378,4,6450.76,47
2552,199,19,5,568.7,75
2553,838,62,5,328.9,75
2554,1823,231,4,3170.72,43
2555,1892,122,10,133228.13,11
2556,1650,129,10,58936.89,95
2557,1289,481,4,1158.84,60
2558,1412,142,9,14093.25,84
2559,1552,357,1,1955.73,62
2560,1674,111,7,1402.08,42
2561,205,46,9,4454.4,29
2562,1895,295,5,2487.1,54
2563,1427,179,6,6300.68,57
2564,1140,357,3,1547.7,94
2565,200,322,10,2021.8,85
2566,564,99,3,1213.12,20
2567,480,378,1,7396.13,22
2568,402,424,4,3859.32,16
2569,605,236,1,2934.4,57
2570,463,317,3,10739.25,15
2571,1487,468,4,1173.7,80
2572,1550,451,5,3303.44,87
2573,885,79,-2,21375.12,20
2574,971,194,1,914.25,47
2575,72,273,3,2464.11,53
2576,223,44,3,2052.04,9
2577,315,213,2,75573.66,29
2578,1433,417,3,2574.76,91
2579,1066,366,9,298.08,86
2580,1088,487,-10,1184.04,74
2581,676,454,8,24477.75,76
2582,1092,339,10,3909.2,57
2583,871,89,10,40404.24,56
2584,572,162,5,9570.51,27
2585,1897,376,1,5569.16,51
2586,606,193,9,1174.28,11
2587,1792,298,2,2729.7,88
2588,260,462,1,1127.88,94
2589,1435,274,-2,6176.01,61
2590,809,466,10,75898.68,94
2591,1673,70,1,1719.9,23
2592,1104,449,4,3122.55,16
2593,493,465,1,22787.1,77
2594,1114,453,2,170.82,68
2595,1132,43,-6,2231.46,68
2596,192,133,5,77202.0,70
2597,279,424,3,3692.97,54
2598,1005,436,4,23380.26,28
2599,1432,326,2,6597.36,18
2600,1280,227,2,2381.28,92
2601,1299,280,2,11758.53,97
2602,660,236,3,2934.4,35
2603,1736,173,1,610.5,97
2604,24,400,1,19876.22,85
2605,1415,13,1,3631.04,41
2606,338,388,10,297.92,10
2607,1409,98,8,11110.4,12
2608,900,402,9,3477.5,47
2609,118,404,10,3250.5,92
2610,307,181,6,276.94,86
2611,236,407,9,71243.9,37
2612,1542,150,5,1738.8,10
2613,1118,417,3,2814.78,85
2614,1181,277,8,32125.24,62
2615,1070,467,2,2487.48,22
2616,1689,391,5,6176.52,79
2617,1615,22,6,3653.9,60
2618,83,260,-7,4173.84,3
2619,91,307,1,13785.2,84
2620,536,454,4,25967.7,44
2621,1304,175,2,140.36,92
2622,1057,141,9,6339.54,51
2623,774,289,2,2502.63,52
2624,306,409,5,53359.74,29
2625,659,190,1,2338.93,39
2626,1683,88,10,22620.02,93
2627,86,283,1,923.0,60
2628,109,209,4,84861.27,52
2629,1234,439,10,86271.1,58
2630,1266,182,1,40114.24,79
2631,1595,326,9,6021.4,16
2632,133,32,5,6454.35,6
2633,1901,63,7,863.76,67
2634,255,456,9,1977.97,67
2635,1513,3,5,3411.2,93
2636,530,493,3,1358.9,60
2637,1021,451,4,3060.54,24
2638,775,368,4,922.32,82
2639,132,205,5,255.06,19
2640,1379,34,3,10302.6,51
2641,1268,348,5,1544.13,21
2642,1069,293,5,1089.78,38
2643,325,11,4,974.28,53
2644,1550,368,3,885.72,92
2645,1486,433,9,576.87,27
2646,214,159,5,4068.96,59
2647,1789,21,7,2444.26,80
2648,799,81,6,11698.4,96
2649,766,388,5,364.42,5
2650,383,207,4,1826.09,86
2651,756,175,9,151.96,23
2652,602,99,1,1168.52,10
2653,963,194,5,977.85,35
2654,1768,149,9,2196.48,67
2655,1035,470,1,2641.14,28
2656,1497,56,6,1983.15,71
2657,1429,257,9,8876.85,35
2658,680,372,3,48655.12,78
2659,1704,357,1,1843.17,88
2660,697,20,5,17189.82,81
2661,118,437,5,2797.47,26
2662,1877,111,4,1361.44,45
2663,398,425,9,6150.16,75
2664,646,453,2,178.12,93
2665,455,414,3,1640.25,13
2666,185,49,10,22855.68,67
2667,956,370,2,17378.68,6
2668,1243,500,4,4109.04,75
2669,188,324,4,1768.75,27
2670,276,208,6,450.45,5
2671,1808,209,1,96466.23,9
2672,1959,43,10,2373.14,64
2673,1018,389,6,3618.52,12
2674,946,492,9,946.67,52
2675,1596,283,9,979.8,1
2676,22,467,3,2531.12,3
2677,1661,16,10,11278.53,42
2678,1595,213,2,78031.34,16
2679,1716,306,-9,5835.22,1
2680,501,353,7,3663.6,60
2681,1305,360,8,980.58,93
2682,581,422,10,2757.2,92
2683,1860,213,1,84789.96,79
2684,1393,110,7,61320.38,78
2685,1623,178,3,9564.78,7
2686,157,160,10,2014.88,15
2687,1784,270,10,11682.23,13
2688,1105,150,4,1769.04,50
2689,1086,245,6,1033.6,3
2690,1202,72,7,2114.68,21
2691,1670,371,3,837.2,27
2692,1243,309,9,3773.4,9
2693,492,232,5,1465.2,43
2694,857,40,2,2777.72,4
2695,1425,382,5,2496.6,66
2696,1098,209,1,98642.16,46
2697,1292,11,6,826.02,63
2698,1917,203,7,47678.49,95
2699,95,266,2,2578.66,95
2700,264,219,1,1026.2,5
2701,1934,99,1,1123.92,26
2702,740,200,7,245.64,77
2703,182,419,1,5536.36,19
2704,1403,234,2,156.0,95
2705,436,52,3,5118.8,27
2706,521,460,6,2514.38,6
2707,1675,221,9,594.36,23
2708,894,293,2,1107.5,80
2709,1736,249,7,553.42,71
2710,1320,463,3,1082.31,26
2711,1075,426,5,3689.0,95
2712,1973,21,2,2403.18,38
2713,1836,284,1,6438.15,67
2714,917,400,4,17799.6,38
2715,487,245,9,1010.8,67
2716,280,209,1,84135.96,29
2717,1322,192,10,2437.89,15
2718,110,53,6,1778.16,88
2719,1422,10,10,4028.32,6
2720,1040,189,10,917.76,90
2721,133,412,5,2982.14,73
2722,373,479,1,5790.84,57
2723,523,299,3,3469.68,96
2724,1225,362,10,1728.6,80
2725,862,393,10,5745.92,48
2726,1781,400,5,20172.88,70
2727,1315,310,10,859.18,93
2728,1385,348,8,1300.32,66
2729,606,75,9,2452.95,46
2730,1187,197,10,9308.52,18
2731,677,290,2,3524.78,2
2732,1582,257,5,9880.32,79
2733,1623,500,4,4916.8,22
2734,1824,98,2,9126.4,99
2735,1653,420,-4,3258.22,99
2736,290,398,7,437.98,72
2737,1147,492,1,849.93,79
2738,1433,12,9,445.0,19
2739,816,328,2,18044.48,97
2740,856,498,1,5844.8,56
2741,357,384,4,15690.15,71
2742,1932,371,4,753.48,77
2743,452,167,10,209.89,46
2744,1332,125,9,16834.38,84
2745,1838,288,1,6612.32,36
2746,1696,2,6,7415.8,52
2747,1818,340,2,1443.24,88
2748,1160,313,7,58111.2,3
2749,1125,412,3,3057.32,75
2750,1563,184,9,2901.65,18
2751,890,339,5,3774.4,70
2752,784,294,7,775.61,52
2753,1291,38,4,1544.4,71
2754,987,415,7,28914.44,86
2755,1702,352,3,37122.02,24
2756,1654,271,6,651.52,43
2757,1892,385,2,2669.16,24
2758,1592,137,7,176982.12,19
2759,493,301,5,3093.46,65
2760,557,321,1,4807.33,3
2761,1706,492,3,863.75,96
2762,459,1,1,18402.88,65
2763,890,308,7,3493.07,49
2764,129,29,2,33177.2,97
2765,793,258,4,6432.16,10
2766,1369,99,10,1070.4,3
2767,99,485,2,1315.16,67
2768,115,314,5,7733.6,37
2769,1290,311,2,2309.82,94
2770,659,28,8,6758.85,99
2771,363,442,9,5562.2,74
2772,1945,227,7,2516.8,18
2773,104,374,6,57421.26,81
2774,574,139,1,447.12,63
2775,903,227,10,2303.84,50
2776,333,30,8,3207.12,17
2777,1487,207,7,1798.63,16
2778,1222,71,6,1190.2,71
2779,1636,48,8,5914.51,80
2780,1692,243,7,3854.47,6
2781,330,290,10,3317.44,98
2782,1593,135,1,3616.08,67
2783,1382,274,5,5446.56,24
2784,407,104,8,4875.39,11
2785,1920,68,6,14232.02,91
2786,1906,88,4,22434.61,51
2787,223,240,9,2132.26,10
2788,951,6,4,4357.97,21
2789,1389,53,2,1849.86,20
2790,1,195,2,462.15,96
2791,865,122,9,154450.31,40
2792,272,240,8,1948.18,73
2793,2000,177,7,14934.08,24
2794,447,230,2,2703.42,85
2795,1117,152,5,699.74,75
2796,101,372,3,53756.06,74
2797,662,25,3,12395.76,50
2798,603,262,1,1846.88,12
2799,884,142,5,13603.05,30
2800,926,105,5,12380.08,13
2801,816,241,9,5444.34,18
2802,1854,238,8,5333.01,65
2803,349,469,3,4719.68,1
2804,1708,83,2,3910.92,62
2805,1832,421,10,54044.85,23
2806,210,322,4,2168.84,66
2807,1906,499,7,4075.6,73
2808,1119,175,8,156.6,93
2809,1407,311,8,1972.62,97
2810,873,444,4,60749.91,69
2811,498,449,2,3168.81,65
2812,363,279,6,1029.51,3
2813,694,118,10,2185.54,57
2814,1966,379,1,6567.5,89
2815,1206,279,7,1021.14,87
2816,1899,61,8,790.0,89
2817,126,207,8,1606.41,51
2818,1062,400,3,20321.21,1
2819,748,392,1,1026.02,69
2820,295,44,3,2034.35,28
2821,1289,179,6,6159.62,20
2822,177,202,6,1365.1,99
2823,687,277,8,37524.44,13
2824,1407,136,7,11896.32,19
2825,1501,38,9,1825.2,98
2826,1920,90,-2,1059.84,17
2827,671,291,7,379.44,96
2828,1217,489,1,41099.74,75
2829,1095,396,5,807.3,55
2830,1277,312,-9,6396.25,69
2831,1778,9,3,11214.18,4
2832,1743,170,1,1304.8,77
2833,1417,374,4,64292.18,69
2834,888,500,10,4635.84,88
2835,514,260,5,4375.8,16
2836,611,452,10,3207.6,94
2837,1249,263,9,3005.6,8
2838,1326,44,5,2140.49,57
2839,1283,280,9,10962.84,96
2840,1870,19,8,579.04,45
2841,1892,92,4,20604.78,69
2842,823,230,7,2448.75,25
2843,1105,394,3,644.6,78
2844,926,141,7,7451.74,9
2845,1974,315,2,35487.06,80
2846,1360,499,8,4430.0,78
2847,1090,253,7,19382.74,19
2848,1756,320,10,5365.4,55
2849,1036,255,3,82112.72,16
2850,656,265,10,1793.36,63
2851,1536,20,9,15746.4,87
2852,1074,1,7,18262.4,23
2853,1398,321,4,4245.89,6
2854,1425,138,1,1666.32,46
2855,1548,200,7,236.74,79
2856,680,352,8,35459.84,4
2857,63,345,2,3975.55,35
2858,1843,278,3,15159.42,95
2859,702,437,6,2821.38,32
2860,374,479,9,5352.14,58
2861,1216,202,4,1414.74,45
2862,1693,418,10,1845.69,23
2863,1308,127,3,42209.51,68
2864,1515,295,5,3052.35,50
2865,1701,444,4,60749.91,24
2866,1119,492,10,960.49,13
2867,697,208,3,454.3,10
2868,1402,349,6,1852.65,68
2869,1560,173,8,632.5,43
2870,797,86,10,4195.2,51
2871,1938,302,4,70597.47,88
2872,456,176,9,3323.04,87
2873,758,53,4,1964.58,64
2874,218,287,7,769.56,46
2875,53,488,8,58011.66,33
2876,1959,198,9,1593.6,2
2877,1250,165,8,3296.4,87
2878,589,423,5,13320.45,0
2879,398,157,10,2363.96,86
2880,1831,263,10,2589.44,14
2881,1872,247,10,2165.0,21
2882,97,102,9,1895.84,90
2883,684,298,4,2385.96,4
2884,177,430,6,6178.16,50
2885,630,46,6,4141.2,58
2886,221,168,6,3912.68,13
2887,444,374,3,59384.38,79
2888,1815,110,7,63347.5,93
2889,1733,487,9,969.54,30
2890,1636,219,8,1004.21,40
2891,94,9,10,11607.66,19
2892,1428,443,2,9362.92,98
2893,1623,45,1,3280.32,45
2894,364,234,7,167.7,67
2895,1942,63,10,922.32,60
2896,1150,31,10,1353.94,16
2897,1552,245,1,896.8,46
2898,266,121,9,53367.3,71
2899,1755,393,6,5476.58,20
2900,1824,71,6,1374.14,99
2901,877,214,1,849.8,41
2902,1770,396,10,869.4,53
2903,1623,387,8,18994.12,56
2904,573,153,3,1873.02,63
2905,1447,173,9,660.0,94
2906,1830,343,5,10530.84,80
2907,696,376,10,5905.23,46
2908,1632,444,6,59863.05,91
2909,1724,315,5,30684.3,64
2910,264,156,10,1534.56,15
2911,1982,43,7,2125.2,3
2912,279,478,1,2917.32,5
2913,88,80,5,2998.38,81
2914,471,301,4,2528.96,30
2915,269,330,2,306.45,41
2916,1779,163,2,17185.4,0
2917,664,175,8,128.76,66
2918,418,325,7,3945.89,94
2919,374,350,2,26836.88,38
2920,583,436,9,25841.34,78
2921,785,198,10,1713.12,91
2922,1005,74,8,5315.8,88
2923,1919,114,7,6578.2,81
2924,1616,226,5,2067.0,52
2925,307,383,1,3450.78,46
2926,1733,264,3,1901.52,47
2927,590,108,2,5259.24,27
2928,1650,417,3,2880.24,69
2929,1655,418,2,2062.83,17
2930,390,429,2,14407.32,25
2931,1243,74,1,4936.1,39
2932,1279,48,1,5425.34,94
2933,17,454,2,26819.1,31
2934,851,135,8,3408.6,26
2935,1470,284,8,5770.49,3
2936,1091,85,8,10310.22,66
2937,1447,45,8,2815.2,23
2938,1843,180,8,2380.8,41
2939,534,383,6,3844.29,80
2940,545,248,3,2048.38,19
2941,1767,293,1,1063.2,18
2942,1267,47,9,33345.84,99
2943,1751,343,8,10116.24,84
2944,1135,124,2,971.12,6
2945,1126,445,3,2277.0,56
2946,1967,62,8,290.95,8
2947,937,352,4,32135.48,56
2948,1613,368,4,1017.48,72
2949,1343,299,3,3981.6,3
2950,668,94,3,825.36,73
2951,1957,291,10,354.96,94
2952,844,452,3,3742.2,12
2953,1501,219,6,960.23,74
2954,155,328,5,17025.84,70
2955,1128,74,4,5239.86,21
2956,666,335,6,5063.52,31
2957,1617,296,9,2605.36,40
2958,1139,482,5,8788.64,53
2959,251,251,8,59474.94,95
2960,1808,253,4,17551.3,50
2961,594,127,1,41242.88,42
2962,535,444,5,56759.04,99
2963,1021,313,2,55689.9,57
2964,1237,423,10,14117.4,0
2965,383,293,3,1098.64,8
2966,332,29,6,28542.15,85
2967,1846,306,8,5625.32,67
2968,1866,255,2,70037.32,62
2969,1450,459,6,3716.4,74
2970,1949,286,9,4674.15,16
2971,306,15,2,39927.36,46
2972,814,374,1,62329.06,24
2973,355,20,1,15483.96,97
2974,1136,251,10,60369.3,87
2975,1813,239,9,3044.16,64
2976,1769,292,8,15647.72,87
2977,432,355,6,4351.82,65
2978,732,95,4,3042.0,68
2979,808,474,1,3900.15,96
2980,1619,417,1,2531.12,2
2981,570,155,4,5343.16,49
2982,1322,42,10,1764.56,73
2983,657,57,8,1155.84,44
2984,1711,447,3,4362.4,26
2985,1786,373,10,8794.74,11
2986,47,399,3,5790.2,73
2987,343,399,10,5923.82,44
2988,1360,13,2,3857.98,25
2989,979,142,9,14215.8,7
2990,1254,422,4,3391.6,0
2991,1181,213,8,68815.04,26
2992,1407,304,8,1180.48,77
2993,1982,59,3,32852.16,6
2994,1297,78,-3,136.73,26
2995,323,61,8,777.36,59
2996,1542,339,3,3740.7,14
2997,1241,395,2,7473.82,14
2998,784,207,2,1565.22,23
2999,86,62,10,336.49,4
3000,915,70,6,1788.15,95
3001,1896,271,8,707.51,31
3002,406,474,10,3842.37,93
3003,439,19,5,661.76,24
3004,884,195,6,458.2,68
3005,28,339,3,4178.8,83
3006,1796,341,5,6536.52,66
3007,213,77,5,2065.4,12
3008,185,146,1,11331.9,71
3009,1399,203,9,44189.82,43
3010,1761,5,10,2473.28,41
3011,276,77,10,2137.24,48
3012,264,9,-10,11410.92,89
3013,1735,188,6,4458.16,48
3014,1720,405,2,15057.9,94
3015,1508,336,1,3196.8,27
3016,1466,342,10,3125.67,44
3017,263,399,10,5567.5,2
3018,1590,50,4,2703.2,15
3019,291,142,4,15073.65,45
3020,1126,168,9,4081.33,49
3021,629,391,3,5686.32,3
3022,532,483,2,3487.26,95
3023,1595,80,1,2824.92,61
3024,1906,28,7,6209.35,46
3025,1258,83,8,3315.78,71
3026,1014,143,1,6729.8,76
3027,1269,32,8,6358.73,92
3028,1975,44,7,2175.87,75
3029,46,212,4,509.58,16
3030,1762,145,9,2801.5,13
3031,702,164,5,6524.0,20
3032,1696,450,1,2611.44,89
3033,1455,444,5,49220.73,31
3034,121,64,1,23719.23,46
3035,1860,464,7,1639.4,63
3036,1156,469,8,5098.94,54
3037,1829,403,5,178817.22,8
3038,760,227,10,2536.16,99
3039,713,191,5,1758.9,22
3040,1937,127,5,40276.25,13
3041,281,429,5,15671.12,55
3042,6,57,-1,1310.64,7
3043,1576,61,9,714.16,4
3044,425,14,7,2672.08,29
3045,206,231,7,3340.58,97
3046,1932,47,8,28196.85,54
3047,1058,22,9,3294.5,66
3048,200,416,6,2792.48,13
3049,304,304,1,1443.98,92
3050,222,499,6,4678.08,7
3051,950,44,4,2228.94,5
3052,837,232,2,1428.57,6
3053,947,365,4,6997.2,10
3054,1985,25,5,10948.08,67
3055,1954,142,8,14583.45,25
3056,1641,206,3,6855.71,90
3057,403,13,1,4149.76,55
3058,373,179,9,6441.74,67
3059,1386,182,8,36821.28,90
3060,880,306,5,5247.5,3
3061,419,62,-9,278.3,42
3062,408,344,4,1974.99,51
3063,321,422,8,3391.6,32
3064,1717,224,7,2384.97,19
3065,162,181,10,254.24,67
3066,493,426,3,4092.0,60
3067,39,17,1,4217.32,51
3068,850,218,2,6967.45,42
3069,1284,302,1,69051.54,8
3070,1629,60,1,18466.08,75
3071,995,342,8,2737.99,32
3072,77,11,5,903.68,30
3073,1114,394,9,656.32,91
3074,1153,388,5,340.48,0
3075,646,128,2,13710.0,22
3076,87,131,10,3504.93,64
3077,78,414,10,1445.85,82
3078,1701,307,8,17419.48,50
3079,1605,311,9,2107.5,81
3080,459,332,2,15375.8,59
3081,1209,225,2,5807.2,53
3082,783,309,9,4402.3,37
3083,210,211,7,1996.4,12
3084,305,111,8,1209.04,6
3085,994,246,10,1617.78,31
3086,478,426,3,4154.0,41
3087,895,94,4,962.92,88
3088,1981,264,10,1764.72,37
3089,1194,292,2,16682.28,57
3090,1653,8,2,1759.56,33
3091,339,453,7,200.02,84
3092,286,14,4,2608.96,6
3093,1056,236,9,3068.8,21
3094,217,46,7,3862.8,20
3095,1354,341,1,6341.4,84
3096,1286,133,2,88138.95,69
3097,1933,499,2,4146.48,47
3098,1402,360,10,1063.68,65
3099,1220,259,10,228.16,18
3100,1838,58,2,17304.2,2
3101,1497,429,9,15923.88,80
3102,1204,494,5,5728.19,84
3103,1041,16,2,12675.87,51
3104,1832,134,5,3863.34,17
3105,330,389,2,3677.84,45
3106,1069,263,4,2959.36,56
3107,1992,260,6,4173.84,1
3108,1105,89,1,40107.15,3
3109,532,277,1,33205.08,60
3110,656,243,2,3771.28,23
3111,1725,97,7,5975.04,10
3112,614,305,7,8335.04,97
3113,1328,343,2,11525.88,20
3114,1047,457,8,15156.7,75
3115,554,406,3,4282.8,85
3116,868,287,9,725.04,59
3117,1488,386,7,1443.84,85
3118,1906,435,8,17271.04,81
3119,103,137,1,178375.68,45
3120,470,366,2,254.88,11
3121,1619,298,7,2284.86,45
3122,875,23,-8,5876.04,70
3123,1316,128,-3,14281.25,36
3124,1381,458,9,2994.66,28
3125,683,371,7,723.58,13
3126,1596,477,8,8660.48,84
3127,1373,329,7,15651.5,37
3128,1311,24,10,4443.83,53
3129,1438,328,5,19790.72,78
3130,771,197,9,9308.52,92
3131,543,480,10,2787.18,3
3132,545,232,9,1452.99,19
3133,133,228,1,25668.24,71
3134,693,53,7,1634.76,20
3135,1912,183,10,2953.36,31
3136,1691,323,7,8892.48,69
3137,1120,65,1,5223.96,73
3138,1967,405,4,13161.72,68
3139,820,273,-9,2200.77,78
3140,85,451,7,2769.06,33
3141,810,246,3,1837.14,67
3142,912,309,10,3707.2,54
3143,46,320,2,4323.2,38
3144,152,110,2,64867.84,96
3145,1485,128,6,14966.75,96
3146,1229,328,3,19790.72,26
3147,1464,209,2,84861.27,27
3148,974,369,7,28956.54,0
3149,700,96,4,3909.42,32
3150,658,285,9,33596.03,51
3151,681,400,1,20617.87,21
3152,738,465,5,24233.9,38
3153,1015,75,5,2053.21,78
3154,200,220,6,17226.3,4
3155,1788,99,5,1052.56,3
3156,1614,291,7,373.32,8
3157,963,387,8,20639.28,95
3158,134,396,9,786.6,89
3159,530,305,9,9525.76,96
3160,1120,323,1,9570.72,69
3161,1959,465,1,24776.45,51
3162,946,427,-9,15692.1,12
3163,557,41,8,5472.84,52
3164,1059,435,2,17798.4,28
3165,1720,168,10,3878.95,50
3166,1284,193,5,1202.69,54
3167,1263,340,9,1633.14,31
3168,1432,500,10,4284.64,89
3169,1267,282,8,14830.97,64
3170,781,291,5,403.92,11
3171,671,175,10,136.88,40
3172,1646,338,1,4967.48,15
3173,1257,70,10,1788.15,23
3174,120,433,8,567.49,31
3175,1428,476,7,2724.12,88
3176,92,180,2,2150.4,60
3177,161,217,-1,1001.52,76
3178,1102,386,9,1522.8,50
3179,425,216,6,384.93,52
3180,1999,364,3,3193.38,65
3181,1187,134,6,3680.82,76
3182,115,195,8,434.5,6
3183,51,305,10,8855.98,17
3184,612,272,10,3004.28,22
3185,97,151,7,6085.36,87
3186,1772,141,9,7173.69,55
3187,884,255,7,67018.47,41
3188,1617,224,5,2229.85,1
3189,1680,405,5,13384.8,54
3190,1772,187,8,22238.64,56
3191,697,276,1,5290.24,57
3192,1603,488,5,61694.94,40
3193,1976,114,4,7161.75,64
3194,1650,312,1,6611.25,16
3195,497,439,6,80157.4,51
3196,1794,196,3,489.09,81
3197,378,395,7,7936.8,89
3198,593,28,2,6703.9,80
3199,685,310,10,781.66,29
3200,1896,28,1,7253.4,86
3201,872,83,3,3202.42,22
3202,312,151,3,6983.2,97
3203,1635,232,7,1709.4,61
3204,1422,337,8,13258.98,51
3205,276,392,6,1084.89,8
3206,800,15,2,39226.88,22
3207,576,364,2,3165.12,47
3208,1866,498,9,6114.56,32
3209,1093,409,9,55053.7,49
3210,123,4,9,487.3,13
3211,972,302,9,62867.82,61
3212,1457,254,9,5851.62,25
3213,1792,41,3,5936.64,76
3214,1808,483,-6,3133.48,1
3215,1907,411,5,23635.64,17
3216,1472,210,5,1615.23,21
3217,1308,416,7,2522.24,18
3218,1496,57,3,1145.52,26
3219,1083,129,4,61721.31,97
3220,1812,246,6,1604.07,55
3221,709,357,10,1871.31,49
3222,1775,386,9,1252.08,59
3223,1135,180,3,2323.2,33
3224,1942,264,3,1627.92,16
3225,253,344,9,2020.92,96
3226,477,258,6,7925.34,32
3227,742,409,5,47007.39,4
3228,1385,484,7,2900.44,39
3229,1337,189,5,932.1,59
3230,694,379,3,7197.98,25
3231,1732,451,2,2744.77,17
3232,1935,100,3,6342.57,91
3233,917,147,9,164823.3,97
3234,1509,375,-8,4540.46,79
3235,1503,418,2,1923.24,56
3236,1846,397,7,684.74,26
3237,498,341,5,6341.4,82
3238,1390,381,3,7633.75,21
3239,63,99,9,1132.84,48
3240,1404,87,-2,10428.66,60
3241,725,366,1,280.8,69
3242,125,411,2,24588.69,49
3243,1971,127,1,38020.78,42
3244,1464,326,4,5811.96,49
3245,1247,406,4,3984.0,92
3246,1117,258,3,6776.74,79
3247,1831,118,6,2234.47,29
3248,1805,157,1,2322.12,89
3249,1614,325,2,3914.82,8
3250,1465,447,7,3863.84,60
3251,1035,147,9,176322.6,8
3252,1726,218,6,6733.25,35
3253,521,131,6,3206.06,33
3254,876,28,9,6374.2,68
3255,1801,186,2,7288.75,77
3256,1269,112,8,2217.6,70
3257,220,8,6,1559.61,82
3258,1221,64,3,23351.49,58
3259,1967,258,9,7523.33,32
3260,1791,276,7,5579.55,79
3261,1164,297,7,5383.68,67
3262,1054,398,3,495.42,97
3263,1415,307,1,14913.08,40
3264,986,297,3,5720.16,61
3265,215,141,8,7284.91,17
3266,520,193,4,1051.17,11
3267,1766,374,10,62329.06,95
3268,1974,196,5,410.55,34
3269,271,464,4,1592.56,71
3270,1329,116,10,6986.16,20
3271,1068,121,4,54214.4,13
3272,310,500,2,4565.6,84
3273,1126,256,1,27428.04,20
3274,1933,452,10,3100.68,22
3275,1059,444,9,61636.77,6
3276,1458,296,9,3121.94,27
3277,344,75,2,2016.87,14
3278,31,95,4,2691.0,0
3279,34,33,-9,2898.72,59
3280,889,195,2,438.45,3
3281,1041,431,10,2908.2,71
3282,1884,411,8,25160.52,49
3283,250,6,9,3562.72,37
3284,388,191,7,1930.5,11
3285,592,32,4,6597.78,70
3286,593,476,6,2566.2,31
3287,1314,484,2,3146.24,65
3288,1547,25,8,10676.64,53
3289,1604,385,9,2940.6,17
3290,400,162,5,9125.37,75
3291,648,427,2,15279.15,0
3292,407,376,1,5953.24,96
3293,828,469,3,4635.4,47
3294,1674,418,5,2171.4,42
3295,1951,381,10,7450.54,56
3296,1709,39,6,10304.8,88
3297,95,224,7,2675.82,85
3298,799,217,5,958.72,9
3299,27,464,7,1627.69,47
3300,613,445,2,2277.0,11
3301,1442,431,4,2641.8,0
3302,1655,229,9,556.8,12
3303,817,315,10,31484.76,98
3304,1267,241,1,6070.68,78
3305,31,189,9,960.78,24
3306,881,215,9,5194.48,37
3307,1135,73,7,1673.86,92
3308,1163,290,10,3613.64,20
3309,796,311,8,2276.1,1
3310,1082,120,9,7264.38,71
3311,1138,267,10,3084.9,60
3312,1084,350,8,30445.2,78
3313,149,187,1,20081.16,75
3314,879,93,6,10094.84,9
3315,1167,233,7,4255.9,88
3316,1218,122,3,129691.1,11
3317,272,221,6,580.32,80
3318,1070,296,9,3054.56,23
3319,779,8,5,1492.96,70
3320,1751,3,10,3175.04,17
3321,1927,38,8,1698.84,42
3322,1046,161,-2,9530.64,62
3323,936,149,2,2247.96,95
3324,283,250,5,34704.12,77
3325,379,402,2,3022.75,69
3326,1379,409,9,48277.86,35
3327,189,312,10,6557.5,17
3328,893,137,3,160259.4,18
3329,1236,483,8,3032.4,65
3330,1204,39,8,10398.48,90
3331,1806,468,5,1290.1,93
3332,751,137,3,157472.28,70
3333,710,349,-5,1949.31,62
3334,1707,428,1,1454.4,55
3335,1597,259,-3,202.4,73
3336,290,65,6,5182.5,0
3337,1455,295,1,3165.4,93
3338,102,33,7,2779.92,90
3339,1841,176,7,3039.68,6
3340,941,88,4,25215.76,17
3341,571,434,8,25176.95,64
3342,334,471,9,1284.84,41
3343,1818,370,5,15052.4,7
3344,183,249,9,536.9,66
3345,375,83,5,3740.88,57
3346,493,47,3,30158.37,9
3347,798,483,9,3512.53,98
3348,765,4,8,496.16,7
3349,1611,180,9,2496.0,89
3350,1543,486,1,5536.16,14
3351,1177,191,1,1844.7,22
3352,1729,238,2,5536.56,84
3353,177,162,3,9125.37,10
3354,1531,451,1,3230.57,46
3355,466,485,8,1196.58,72
3356,279,103,1,5007.21,59
3357,146,415,7,32752.64,40
3358,1394,8,1,1866.2,61
3359,526,464,2,1615.98,64
3360,1176,403,5,176044.86,91
3361,671,358,5,3499.47,82
3362,289,409,10,53359.74,59
3363,847,304,9,1349.12,27
3364,1772,440,7,787.71,16
3365,1219,132,-5,2829.4,60
3366,1569,60,7,20253.12,93
3367,181,492,10,932.85,92
3368,1055,474,3,3611.25,25
3369,1649,160,9,2014.88,27
3370,1847,395,2,7341.54,33
3371,681,24,3,3868.37,99
3372,1150,340,10,1544.52,28
3373,1403,94,2,897.76,37
3374,437,498,6,5575.04,32
3375,1074,392,4,1009.2,19
3376,862,272,1,3106.12,34
3377,1118,223,1,9344.58,54
3378,918,100,10,5795.01,28
3379,1470,129,5,64505.73,69
3380,1031,100,9,5429.97,22
3381,652,410,4,4043.08,80
3382,1985,436,5,25020.98,17
3383,1107,25,6,10857.6,6
3384,913,418,8,2155.89,35
3385,1444,26,7,9239.56,57
3386,1270,172,-6,1751.68,46
3387,1968,204,3,53.36,72
3388,375,374,1,63310.62,4
3389,1108,480,6,3127.08,98
3390,665,55,1,901.25,80
3391,1434,159,1,4759.23,76
3392,209,456,4,1607.99,10
3393,206,237,9,2923.2,49
3394,195,308,1,2864.82,42
3395,1650,152,8,776.83,49
3396,111,352,3,31858.45,81
3397,49,208,10,465.85,29
3398,646,419,5,5990.16,10
3399,1398,91,1,57950.34,10
3400,1366,70,3,1692.6,40
3401,1608,407,10,66311.63,7
3402,22,81,7,11197.04,89
3403,1883,26,2,9163.2,14
3404,691,110,3,70442.42,44
3405,1980,409,10,49971.82,56
3406,1298,456,10,1707.6,4
3407,898,145,1,3017.0,63
3408,205,392,8,1110.12,24
3409,1730,67,8,12564.6,70
3410,102,477,6,8931.12,95
3411,1209,346,6,45293.3,3
3412,1871,119,2,7801.08,1
3413,805,148,10,4703.8,38
3414,1583,370,1,15873.44,88
3415,1838,297,2,4626.6,35
3416,714,65,1,5721.48,27
3417,878,24,9,4124.13,89
3418,1992,390,5,1389.92,9
3419,1112,154,10,60660.99,12
3420,1957,114,6,7320.9,78
3421,1263,457,3,16198.0,69
3422,736,178,4,9634.09,47
3423,1405,291,6,348.84,5
3424,741,199,-2,2216.67,7
3425,835,494,8,5274.88,73
3426,27,330,1,276.94,73
3427,878,483,9,2804.97,9
3428,1120,199,8,2496.25,33
3429,91,399,4,5567.5,64
3430,547,356,3,1115.4,27
3431,1357,100,-10,6251.31,36
3432,629,298,6,2770.14,28
3433,43,2,7,6621.25,58
3434,773,389,3,3559.2,41
3435,17,112,3,2184.0,44
3436,1697,6,2,3976.25,27
3437,778,161,5,8762.04,50
3438,377,147,2,158434.8,68
3439,522,95,10,2597.4,80
3440,383,339,10,4448.4,99
3441,307,113,4,542.64,42
3442,1754,49,2,20275.2,94
3443,1613,17,10,3967.14,82
3444,1834,457,7,15735.2,86
3445,96,183,4,2424.4,81
3446,1566,492,9,877.57,52
3447,1046,130,4,16471.4,19
3448,1816,463,2,939.68,49
3449,805,228,4,30396.6,17
3450,1263,475,1,2538.27,86
3451,686,491,8,37148.4,96
3452,1795,289,9,2887.65,69
3453,924,166,10,469.91,23
3454,180,88,10,24659.53,75
3455,1580,217,-5,984.4,50
3456,96,119,4,8644.44,85
3457,1647,452,3,3608.55,1
3458,1812,356,3,1047.8,47
3459,725,267,3,3057.6,32
3460,947,238,1,5373.72,76
3461,259,1,8,15874.24,11
3462,1641,177,3,15462.72,91
3463,1540,282,1,14332.45,24
3464,884,359,3,54224.18,82
3465,1629,312,-3,6020.0,45
3466,1858,467,9,2945.7,15
3467,1070,294,8,852.53,0
3468,1406,188,10,3787.76,55
3469,218,396,2,869.4,55
3470,434,275,6,2542.8,70
3471,1128,42,10,1777.44,40
3472,1166,384,8,17404.2,60
3473,343,361,2,14522.88,71
3474,1059,23,1,5705.72,98
3475,696,470,4,2463.75,68
3476,1568,414,10,1664.55,27
3477,138,281,7,1977.57,19
3478,1042,466,10,71873.75,22
3479,1646,261,5,1837.2,39
3480,1775,28,2,6923.7,17
3481,345,370,8,15736.6,0
3482,111,91,9,48711.88,78
3483,604,275,3,2754.7,29
3484,278,340,3,1405.26,32
3485,182,143,5,7315.0,35
3486,1342,109,3,6056.23,95
3487,1762,269,2,1158.08,53
3488,1995,489,6,41423.36,77
3489,1456,101,-1,17238.29,16
3490,1507,322,1,2095.32,4
3491,1299,107,1,400.02,91
3492,1426,77,4,2460.52,16
3493,268,368,-8,915.0,45
3494,1742,477,3,8931.12,13
3495,500,191,4,1587.3,99
3496,1556,67,9,10908.8,53
3497,688,454,1,26180.55,32
3498,811,101,1,17238.29,7
3499,706,367,10,123252.48,56
3500,936,236,6,2732.8,74
3501,197,313,9,56658.42,16
3502,1573,37,1,48158.5,20
3503,1226,46,7,4558.8,87
3504,1521,38,8,1670.76,48
3505,1772,312,1,7363.75,20
3506,1193,384,9,15294.6,15
3507,1934,403,1,163569.24,31
3508,1725,495,9,746.64,35
3509,137,318,7,2974.36,20
3510,309,291,2,413.1,25
3511,1923,61,7,790.0,1
3512,1027,29,6,29761.9,71
3513,1813,189,7,975.12,50
3514,944,489,1,39481.64,29
3515,1435,202,3,1389.92,73
3516,1049,412,7,3032.26,46
3517,124,156,10,1313.76,99
3518,1563,402,5,3183.25,83
3519,75,226,7,1939.8,25
3520,1403,157,10,2803.28,24
3521,1469,116,10,6929.82,44
3522,18,155,10,4689.68,21
3523,930,98,3,10872.32,21
3524,790,69,7,2282.52,15
3525,182,152,3,699.74,27
3526,1610,211,3,1982.14,94
3527,704,482,9,9831.36,41
3528,546,345,3,3906.41,86
3529,1055,436,9,26661.7,5
3530,1094,377,8,6749.4,76
3531,1947,352,10,31304.39,94
3532,1276,477,7,7713.24,81
3533,492,371,5,831.22,91
3534,174,337,10,14261.76,87
3535,779,135,4,3438.24,71
3536,694,413,4,10025.7,17
3537,1475,495,5,768.6,58
3538,1995,491,3,42720.66,46
3539,1366,30,6,2951.48,30
3540,461,126,5,12814.2,25
3541,1945,418,1,2093.85,88
3542,494,40,2,3107.28,46
3543,1738,343,9,10365.0,51
3544,58,192,5,2217.93,59
3545,1595,373,7,8858.47,88
3546,1155,346,5,43551.25,42
3547,1631,233,7,4952.32,91
3548,1833,369,5,27907.39,98
3549,1931,462,6,1349.6,25
3550,739,496,4,7537.44,47
3551,1156,242,5,863.76,49
3552,1908,373,10,8539.82,64
3553,783,493,2,1316.1,26
3554,1856,144,3,1659.84,22
3555,703,147,6,140547.0,68
3556,1429,466,1,73598.72,42
3557,1896,430,10,7403.14,39
3558,1041,45,6,2815.2,97
3559,818,306,3,5037.6,47
3560,1180,196,7,424.83,57
3561,373,58,4,15350.5,58
3562,1782,142,3,14338.35,47
3563,1592,368,10,827.16,34
3564,372,198,2,1845.92,36
3565,108,342,5,3149.9,69
3566,1196,101,4,17764.65,20
3567,1928,213,2,73115.98,99
3568,649,454,5,24690.6,91
3569,1659,29,8,31225.6,52
3570,451,337,8,13036.14,13
3571,1969,465,1,19893.5,68
3572,1323,352,2,34628.75,67
3573,1684,183,3,2512.56,15
3574,163,189,9,889.08,11
3575,1877,478,9,2494.52,40
3576,321,108,6,5676.64,84
3577,573,379,3,6462.42,64
3578,1634,236,5,2643.2,87
3579,1333,456,8,1579.53,14
3580,1019,100,3,6251.31,82
3581,1913,418,-1,2047.32,67
3582,842,408,6,1046.04,94
3583,1681,76,4,979.8,56
3584,948,232,3,1562.88,55
3585,820,350,6,27738.96,24
3586,400,240,1,1733.42,35
3587,1866,32,1,6645.59,97
3588,1289,359,6,65260.96,19
3589,1667,225,9,4782.4,3
3590,1900,480,6,2719.2,83
3591,1064,338,1,4879.56,3
3592,1886,78,8,165.77,87
3593,365,374,3,54967.36,39
3594,382,164,8,6104.6,24
3595,246,218,1,7552.95,38
3596,465,496,10,8088.96,15
3597,1576,471,4,1334.64,50
3598,1084,413,2,9081.25,21
3599,1861,18,4,520.93,25
3600,775,319,6,5173.96,90
3601,316,266,7,2624.3,92
3602,55,308,3,3216.64,92
3603,1293,439,8,91705.5,31
3604,705,66,6,6088.6,78
3605,722,424,4,4624.53,30
3606,304,87,3,9824.1,88
3607,1579,418,8,1814.67,89
3608,1262,98,9,10237.44,77
3609,357,1,5,16998.08,60
3610,1416,356,4,1140.75,45
3611,462,67,4,11980.2,54
3612,179,260,-6,3736.26,60
3613,814,47,1,31139.13,58
3614,94,262,3,1656.76,77
3615,1020,404,2,3959.7,64
3616,1653,82,-4,9381.8,4
3617,203,8,8,1506.29,19
3618,812,52,6,4966.0,70
3619,456,458,9,3088.98,71
3620,1295,493,3,1412.4,11
3621,1974,440,8,852.81,80
3622,891,473,5,13698.22,33
3623,1597,207,8,1592.68,41
3624,907,386,5,1285.92,18
3625,430,497,4,2333.76,19
3626,291,488,3,63996.99,91
3627,1042,9,2,13181.58,77
3628,599,130,3,18118.54,71
3629,1373,440,10,742.14,91
3630,1671,341,3,5609.7,93
3631,1963,182,7,33228.96,48
3632,375,421,10,51066.0,27
3633,762,336,1,3267.84,49
3634,497,427,8,18858.05,31
3635,137,438,2,88668.86,7
3636,557,204,8,54.28,13
3637,1696,121,1,52943.75,85
3638,646,118,9,2283.4,39
3639,1582,63,9,878.4,19
3640,28,455,2,4230.72,99
3641,790,90,7,1084.68,7
3642,1042,402,5,3504.25,51
3643,470,293,8,1160.66,46
3644,791,33,-6,3160.08,35
3645,1620,244,1,17895.9,40
3646,515,292,2,17458.2,22
3647,1919,321,2,4245.89,11
3648,877,369,-5,23500.96,9
3649,1160,393,6,5386.8,54
3650,557,9,10,13673.43,85
3651,188,296,7,2874.88,27
3652,1211,165,8,3124.2,63
3653,733,413,3,8064.15,61
3654,1646,1,3,15452.8,32
3655,346,223,3,9204.06,1
3656,146,319,8,4831.88,17
3657,1493,339,2,3841.8,39
3658,151,482,4,9533.44,31
3659,1540,367,7,145374.72,79
3660,827,237,9,2672.64,82
3661,930,208,1,492.8,66
3662,972,111,2,1168.4,54
3663,1005,458,8,2758.86,10
3664,1635,309,3,3773.4,56
3665,1336,200,-1,220.72,43
3666,1425,296,9,2852.42,79
3667,974,333,9,11676.39,45
3668,486,431,4,3108.0,80
3669,1403,293,5,1027.76,14
3670,1235,47,7,29422.8,39
3671,386,16,9,13075.11,92
3672,1609,297,6,4836.9,29
3673,256,75,1,2089.55,15
3674,1201,36,6,2903.6,3
3675,1587,179,8,6347.7,48
3676,558,145,10,2801.5,58
3677,1638,472,5,10797.5,0
3678,1457,26,1,8705.04,53
3679,1983,288,8,5931.64,39
3680,634,279,7,1046.25,51
3681,610,294,8,820.48,57
3682,1892,159,2,4468.59,25
3683,790,456,6,1750.29,88
3684,70,132,6,2243.31,2
3685,833,126,6,10983.6,89
3686,452,241,4,5347.98,75
3687,1514,198,5,1699.84,54
3688,1263,96,8,4367.28,10
3689,226,452,10,3474.9,45
3690,282,292,7,15130.44,41
3691,422,26,6,9774.08,59
3692,1473,5,3,2284.48,44
3693,226,83,9,3259.1,59
3694,847,346,4,42854.43,38
3695,481,41,6,5983.02,37
3696,1877,269,10,1416.58,71
3697,1722,292,6,16682.28,50
3698,715,473,-5,13266.78,84
3699,891,127,5,38665.2,96
3700,537,448,5,3971.38,28
3701,630,364,5,3815.1,9
3702,1622,460,5,2680.62,15
3703,811,292,10,16552.96,31
3704,1543,312,4,7310.0,90
3705,1935,440,5,768.18,74
3706,924,146,4,10744.32,34
3707,1797,210,5,1296.9,67
3708,1555,347,9,1220.15,18
3709,460,25,10,10857.6,64
3710,861,66,-10,5784.17,61
3711,1482,479,4,5615.36,85
3712,1675,273,9,2407.68,34
3713,205,128,3,12910.25,1
3714,1832,390,10,1538.84,16
3715,126,354,3,4391.18,61
3716,1560,23,8,5109.6,38
3717,1842,437,9,2893.11,24
3718,588,323,7,9118.56,43
3719,968,410,10,3777.96,99
3720,258,20,4,14434.2,5
3721,619,143,10,7197.96,38
3722,782,476,2,2250.36,92
3723,1252,115,10,1659.45,3
3724,290,460,6,2348.14,17
3725,1595,59,4,35814.24,59
3726,683,440,7,891.87,45
3727,1083,362,10,1634.8,24
3728,678,299,6,3697.2,86
3729,1720,242,1,899.16,55
3730,1989,413,2,10098.35,73
3731,1249,112,2,1982.4,90
3732,739,283,5,823.6,33
3733,1425,168,7,4115.06,28
3734,174,38,4,1951.56,69
3735,1128,190,1,2667.54,26
3736,608,456,3,1650.68,52
3737,323,478,3,2346.54,31
3738,400,159,8,4323.27,23
3739,543,209,4,94290.3,13
3740,39,155,4,5035.64,57
3741,1463,297,7,5299.56,94
3742,1420,346,7,47035.35,69
3743,1703,15,1,44480.48,83
3744,643,364,3,3617.28,35
3745,782,386,10,1579.2,6
3746,314,454,2,27670.5,84
3747,1992,250,8,39255.48,36
3748,132,239,5,2802.56,4
3749,619,107,6,376.29,19
3750,468,275,6,2966.6,6
3751,335,83,9,3655.86,35
3752,865,201,6,6826.4,57
3753,1540,173,3,638.0,25
3754,274,267,3,3521.7,29
3755,20,70,1,1556.1,42
3756,822,294,2,743.56,26
3757,1798,6,4,3499.1,28
3758,405,130,7,18567.76,56
3759,139,376,2,6289.31,54
3760,1605,234,-6,180.7,1
3761,897,439,7,77440.2,99
3762,980,313,10,58595.46,96
3763,1667,162,4,10238.22,95
3764,117,89,5,38621.7,47
3765,432,29,2,34153.0,22
3766,1865,119,10,8925.56,98
3767,530,418,8,1783.65,30
3768,60,111,5,1341.12,16
3769,96,66,9,5175.31,58
3770,140,485,10,1455.3,94
3771,1633,470,1,2207.52,58
3772,1470,84,3,6840.82,16
3773,600,27,6,4797.42,56
3774,1668,450,7,3102.48,33
3775,1353,453,9,181.04,93
3776,1590,491,2,42101.52,60
3777,1316,326,8,6283.2,33
3778,848,55,10,973.35,76
3779,1917,442,3,6665.05,33
3780,103,198,6,1726.4,69
3781,466,275,-8,2415.66,86
3782,961,323,3,9043.2,64
3783,1787,477,2,7780.9,19
3784,649,307,1,16918.2,74
3785,1602,353,6,3724.66,50
3786,1553,274,5,6419.16,32
3787,1874,260,3,4712.4,31
3788,995,128,4,14167.0,73
3789,1576,482,2,10054.8,23
3790,205,67,2,10908.8,6
3791,245,272,8,3564.4,65
3792,86,121,6,55908.6,70
3793,852,414,10,1348.65,85
3794,1877,457,2,14346.8,6
3795,1768,423,8,13548.15,88
3796,74,409,4,54630.21,19
3797,722,54,10,1813.74,79
3798,516,356,6,971.75,76
3799,652,377,-2,6026.25,13
3800,354,90,3,1142.64,63
3801,1937,199,5,2336.49,28
3802,1142,233,3,4449.35,2
3803,739,439,5,77440.2,18
3804,232,193,3,1155.34,86
3805,657,351,5,2598.4,82
3806,784,436,4,28507.51,24
3807,1516,377,1,6363.72,69
3808,1673,101,4,15659.21,37
3809,619,227,1,2303.84,64
3810,1722,266,8,2875.32,76
3811,1189,473,6,11864.6,34
3812,952,11,3,776.6,47
3813,1258,350,7,30219.68,64
3814,1402,179,2,6065.58,98
3815,1792,161,4,10376.1,87
3816,918,255,5,77886.33,89
3817,1851,94,7,890.52,81
3818,1348,108,3,5843.6,76
3819,1518,163,7,17333.55,34
3820,379,232,8,1526.25,40
3821,1628,88,3,25771.99,45
3822,1162,79,1,19331.91,10
3823,1815,205,6,276.86,10
3824,291,415,10,29170.32,3
3825,1340,189,10,953.61,20
3826,310,304,5,1191.02,9
3827,661,474,7,3351.24,5
3828,311,303,6,876.0,96
3829,1362,359,10,58542.92,29
3830,893,126,8,11990.43,92
3831,1664,79,7,18074.55,79
3832,1481,152,3,658.23,55
3833,773,39,6,12272.08,33
3834,1277,264,1,1778.4,85
3835,1129,174,2,41153.32,26
3836,1483,55,4,937.3,68
3837,1558,436,1,22764.99,34
3838,1176,274,4,6419.16,20
3839,132,420,2,3148.7,19
3840,194,487,3,1158.3,9
3841,763,384,5,16613.1,84
3842,1868,453,2,192.72,47
3843,1103,79,7,19960.59,53
3844,1098,256,7,26753.58,1
3845,213,391,-10,5539.26,67
3846,670,135,9,3764.28,7
3847,798,159,5,4868.22,17
3848,1715,429,1,14028.18,49
3849,364,292,9,17975.48,63
3850,906,327,9,4098.75,31
3851,1704,161,9,9223.2,99
3852,1509,492,7,898.3,51
3853,578,485,7,1433.74,39
3854,1588,382,2,2825.1,55
3855,1484,67,4,11590.6,84
3856,370,58,10,15908.7,91
3857,1905,224,3,2229.85,9
3858,396,94,1,861.56,88
3859,131,24,5,3676.55,78
3860,519,273,4,2539.35,14
3861,577,376,8,6721.4,65
3862,1879,451,10,3254.86,89
3863,1774,58,2,17443.75,78
3864,915,79,7,20117.76,78
3865,1217,314,5,8838.4,88
3866,1079,50,3,2746.8,89
3867,408,57,9,1135.2,7
3868,450,449,7,2844.99,52
3869,43,378,3,7340.52,0
3870,128,3,6,3647.36,25
3871,1532,83,9,3400.8,24
3872,1115,203,4,53105.31,12
3873,8,165,1,2952.0,22
3874,554,126,9,12631.14,30
3875,1127,364,1,3928.14,45
3876,1133,353,3,4243.67,53
3877,1726,415,10,29426.2,84
3878,1595,290,10,3287.82,7
3879,924,204,9,60.72,55
3880,336,422,8,3269.6,55
3881,1912,125,4,16982.05,71
3882,1822,106,9,2380.05,49
3883,1379,405,4,12938.64,61
3884,835,461,2,2806.02,43
3885,1301,59,9,37429.92,96
3886,1695,394,7,673.9,50
3887,932,54,4,1729.38,70
3888,625,495,2,603.9,9
3889,389,80,9,3345.3,20
3890,412,461,4,2939.64,77
3891,313,51,9,111687.88,65
3892,1498,498,4,5440.16,23
3893,945,378,10,7396.13,8
3894,1083,245,6,1003.2,97
3895,1508,482,1,9086.56,61
3896,1010,198,2,1726.4,5
3897,866,387,6,20340.16,74
3898,343,4,9,558.18,12
3899,1754,335,5,4488.12,98
3900,154,319,3,5302.24,77
3901,911,490,7,4247.67,58
3902,1881,258,2,6949.03,75
3903,859,297,9,5467.8,31
3904,1109,355,5,4019.62,84
3905,1019,92,1,19708.92,93
3906,309,360,7,1013.82,47
3907,1426,489,7,41099.74,49
3908,1565,88,10,25401.17,45
3909,1178,425,2,5941.68,41
3910,918,105,5,11742.87,64
3911,1215,290,3,3554.4,41
3912,458,309,5,4336.1,55
3913,1287,326,1,7016.24,56
3914,1512,153,3,2103.04,77
3915,47,228,5,29270.8,60
3916,293,392,10,1034.43,54
3917,1209,156,2,1479.36,56
3918,1176,317,7,12093.75,2
3919,1152,2,9,7150.95,76
3920,937,158,8,1115.1,71
3921,721,352,10,37953.11,73
3922,583,208,5,431.2,65
3923,397,411,10,25732.35,64
3924,1735,155,2,4728.12,59
3925,497,148,8,5109.3,80
3926,704,106,7,2453.85,74
3927,1099,414,9,1372.95,48
3928,600,398,10,455.93,3
3929,544,149,6,1887.6,77
3930,342,340,9,1709.1,50
3931,1794,6,6,4453.4,21
3932,243,428,1,1393.8,51
3933,286,493,8,1187.7,50
3934,820,149,9,2213.64,7
3935,38,431,9,2553.0,34
3936,1095,427,5,16655.65,66
3937,214,395,4,7275.4,71
3938,1797,277,10,34284.92,24
3939,1792,341,1,5853.6,61
3940,625,342,9,3077.21,30
3941,1268,305,8,8781.56,95
3942,218,284,6,5865.87,30
3943,30,77,8,2424.6,47
3944,1875,7,1,1850.2,27
3945,95,348,6,1544.13,49
3946,1557,348,7,1311.93,75
3947,1820,446,10,3176.25,82
3948,417,9,6,12001.14,37
3949,199,286,5,5353.3,72
3950,393,423,8,14458.95,85
3951,1730,460,5,2555.94,57
3952,1167,27,9,5791.48,61
3953,1872,370,1,17789.2,15
3954,1088,242,3,870.84,82
3955,1646,18,1,520.93,80
3956,1537,105,7,11014.63,88
3957,252,25,4,10676.64,37
3958,621,487,5,978.12,76
3959,1220,481,1,1273.68,61
3960,562,341,6,6829.2,54
3961,1145,463,7,1141.04,47
3962,338,155,1,4689.68,18
3963,1613,399,3,5033.02,41
3964,1865,177,10,17048.64,55
3965,1787,245,3,912.0,54
3966,1574,92,3,20903.4,23
3967,256,312,1,6450.0,30
3968,442,478,5,2621.36,3
3969,530,256,5,28102.5,49
3970,622,278,5,14820.03,41
3971,763,306,4,5415.42,55
3972,669,88,2,25401.17,29
3973,1095,116,6,6197.4,62
3974,1701,42,3,1532.72,42
3975,1493,179,4,5313.26,21
3976,1437,425,10,5785.32,0
3977,1518,128,7,13024.5,84
3978,379,485,2,1498.42,8
3979,1904,368,8,856.44,99
3980,1311,74,8,4746.25,20
3981,872,396,5,876.3,82
3982,1118,375,4,4471.14,44
3983,1139,165,6,3124.2,41
3984,351,93,10,10664.71,39
3985,349,349,6,1836.54,91
3986,1760,161,2,9376.92,14
3987,1029,168,8,4081.33,78
3988,173,230,2,2174.49,43
3989,1877,27,9,5921.14,81
3990,97,186,5,7521.99,11
3991,530,230,8,2331.21,34
3992,966,118,6,2120.3,27
3993,731,396,3,821.1,56
3994,1790,271,5,575.17,59
3995,244,183,10,2622.76,89
3996,1651,293,8,1027.76,33
3997,593,434,-10,25395.88,4
3998,683,119,8,8855.28,68
3999,63,114,4,5994.65,67
4000,446,216,-2,450.73,8
4001,1410,103,4,6134.96,82
4002,1068,471,10,1145.4,54
4003,1918,20,9,16402.5,64
4004,1096,456,3,1921.05,71
4005,140,181,3,283.75,69
4006,974,101,-1,15659.21,71
4007,891,95,6,3065.4,8
4008,642,93,2,10094.84,88
4009,627,210,6,1603.44,84
4010,436,475,6,2836.89,28
4011,989,416,9,2499.72,12
4012,1049,290,2,3584.02,54
4013,1405,245,4,904.4,35
4014,1781,196,8,399.84,94
4015,982,227,7,2691.04,20
4016,1214,415,7,32752.64,8
4017,636,115,4,2033.2,50
4018,280,301,10,2890.24,32
4019,1820,193,7,1117.46,43
4020,108,313,10,61985.28,74
4021,1619,15,1,39577.12,6
4022,1091,305,9,8930.4,61
4023,467,296,1,2852.42,29
4024,1706,477,6,7780.9,12
4025,1443,44,9,2282.01,52
4026,1359,268,5,22402.92,36
4027,349,334,5,132987.32,35
4028,1508,481,9,1398.96,66
4029,610,318,10,3242.54,58
4030,1194,190,8,2222.95,71
4031,1866,449,6,3145.68,99
4032,1823,252,6,1591.2,90
4033,1170,179,-9,5360.28,66
4034,1520,57,10,1145.52,22
4035,294,37,8,49269.85,74
4036,948,375,9,4471.14,84
4037,1838,340,-2,1721.76,17
4038,613,271,9,590.44,81
4039,1247,465,8,24957.3,10
4040,947,8,6,1786.22,74
4041,1084,154,5,60660.99,42
4042,1661,51,5,110057.4,26
4043,872,255,-3,76075.02,50
4044,1072,54,2,1616.9,92
4045,446,327,1,3803.64,67
4046,1030,175,7,158.92,68
4047,234,397,2,654.08,31
4048,1249,252,9,1370.88,35
4049,1936,470,6,2522.88,1
4050,1818,421,1,56598.15,79
4051,1345,470,10,2562.3,21
4052,1707,54,8,1743.44,73
4053,97,190,6,2203.62,71
4054,1765,218,7,7494.4,26
4055,453,422,6,2732.8,80
4056,1698,337,6,14818.86,64
4057,1103,385,1,3031.08,92
4058,952,493,1,1433.8,85
4059,653,100,3,5977.53,50
4060,41,383,2,3420.51,73
4061,494,404,10,3309.6,1
4062,510,491,9,35290.98,73
4063,972,158,3,1228.5,40
4064,716,63,4,973.56,54
4065,87,294,1,846.12,67
4066,672,424,9,4491.45,12
4067,1753,258,2,6374.73,36
4068,672,32,3,5689.39,27
4069,1464,237,4,2547.36,8
4070,1856,176,9,3220.0,26
4071,777,388,7,303.24,56
4072,162,112,6,2116.8,92
4073,1228,206,10,7098.39,26
4074,724,124,10,883.56,90
4075,15,321,6,4456.43,41
4076,1998,448,7,3344.32,46
4077,1297,490,5,4661.16,85
4078,505,45,6,3353.76,49
4079,1681,193,4,1212.16,62
4080,1164,96,6,4261.62,14
4081,208,195,5,462.15,50
4082,1959,348,10,1288.71,84
4083,275,430,9,7403.14,30
4084,966,249,3,512.12,3
4085,1752,82,9,9920.1,53
4086,1569,333,-7,11676.39,0
4087,703,469,4,5014.66,22
4088,1068,43,7,2390.85,32
4089,526,36,7,2391.2,4
4090,1830,54,10,1855.92,59
4091,1964,486,6,6425.9,26
4092,686,275,5,2606.37,33
4093,88,500,6,4916.8,15
4094,77,97,9,5928.36,0
4095,278,252,4,1346.4,33
4096,293,250,7,32997.36,54
4097,276,479,9,6010.19,13
4098,540,325,5,4070.17,34
4099,929,60,9,19955.28,74
4100,471,304,6,1422.9,27
4101,1898,12,10,437.88,73
4102,1633,23,7,5322.5,51
4103,533,356,10,1098.5,88
4104,1884,2,10,6091.55,22
4105,1036,275,5,2966.6,78
4106,1043,233,5,5300.53,40
4107,1546,492,6,780.83,90
4108,486,426,6,3937.0,95
4109,1829,233,3,5300.53,62
4110,253,233,5,5339.22,25
4111,44,329,7,18373.5,70
4112,1966,287,2,858.6,13
4113,1552,197,5,10661.04,92
4114,1569,425,1,6045.92,39
4115,1940,107,10,427.14,97
4116,1071,462,2,1214.64,63
4117,421,281,8,1900.92,83
4118,1531,184,9,2591.55,93
4119,480,110,7,60306.82,97
4120,973,231,1,3850.16,32
4121,194,120,1,7618.74,1
4122,1276,468,2,1358.0,44
4123,396,263,7,2543.2,23
4124,1117,66,-7,4957.86,44
4125,542,404,3,3280.05,33
4126,139,336,3,3244.16,29
4127,1832,44,10,1963.59,92
4128,1337,183,8,2732.96,17
4129,15,138,5,1424.64,2
4130,116,363,8,704.88,75
4131,1718,361,5,13451.52,72
4132,441,82,5,9304.9,99
4133,492,431,9,2886.0,9
4134,122,319,8,5644.32,78
4135,634,51,3,92937.36,96
4136,568,279,8,920.7,75
4137,1496,377,9,6026.25,19
4138,1525,200,5,243.86,73
4139,834,105,3,10468.45,47
4140,161,254,5,6929.55,18
4141,380,149,1,2024.88,88
4142,1323,345,4,3975.55,53
4143,205,56,9,2305.2,79
4144,106,19,4,615.23,48
4145,1077,221,2,617.76,48
4146,441,26,8,8399.6,19
4147,1119,205,8,287.76,83
4148,348,29,3,32689.3,4
4149,66,305,6,9972.28,30
4150,801,458,7,3136.14,17
4151,144,293,6,1027.76,52
4152,1963,279,10,920.7,1
4153,695,239,8,3116.64,40
4154,62,31,2,1272.5,31
4155,280,171,10,2058.0,1
4156,54,409,8,49124.84,78
4157,946,46,4,4663.2,99
4158,71,336,8,2723.2,20
4159,192,56,4,2152.65,48
4160,1160,22,9,3743.75,9
4161,1342,200,8,202.92,23
4162,246,13,5,3890.4,90
4163,1585,144,7,2000.7,14
4164,1016,57,10,1186.8,70
4165,1655,494,2,5151.25,0
4166,932,132,5,2364.57,52
4167,111,75,4,2434.78,38
4168,601,439,3,78119.5,46
4169,296,48,7,4891.7,18
4170,702,93,4,11315.99,75
4171,553,387,2,17049.84,93
4172,1872,480,1,2900.48,34
4173,625,380,8,6840.45,60
4174,1810,93,-7,10501.89,2
4175,427,346,3,42854.43,82
4176,1282,181,6,256.51,28
4177,1891,67,8,11980.2,10
4178,1335,239,10,3285.76,38
4179,1475,286,1,5233.45,17
4180,554,486,6,6722.48,88
4181,736,300,9,3091.55,14
4182,783,19,3,584.21,13
4183,1178,342,2,2907.6,68
4184,1191,473,2,12403.9,55
4185,1107,451,7,3254.86,89
4186,585,376,10,6481.35,68
4187,1813,212,5,558.75,71
4188,877,406,9,4349.2,53
4189,260,110,-8,61827.16,7
4190,1860,5,9,2378.88,34
4191,639,234,5,143.0,65
4192,1535,119,8,9558.08,84
4193,1142,500,2,4495.36,14
4194,1172,17,8,4253.06,79
4195,1734,291,3,342.72,55
4196,616,23,1,5194.76,73
4197,1510,372,9,54540.82,98
4198,1831,483,4,3082.94,77
4199,1971,374,3,66746.08,25
4200,1609,167,4,178.18,69
4201,551,262,7,1602.44,57
4202,1935,487,1,1081.08,20
4203,241,115,10,2093.0,67
4204,841,164,5,5731.8,23
4205,304,366,1,248.4,8
4206,341,103,8,5909.41,95
4207,304,444,1,53655.03,42
4208,4,450,4,2990.88,27
4209,5,32,1,5259.1,70
4210,1063,193,4,1278.45,37
4211,1524,366,7,267.84,30
4212,1216,57,10,1135.2,0
4213,1058,267,10,3658.2,99
4214,1164,47,2,28932.42,15
4215,832,409,1,46583.9,74
4216,1956,439,2,82874.6,72
4217,1543,380,3,6891.12,30
4218,285,351,8,2354.8,58
4219,1520,426,10,4061.0,68
4220,1936,396,10,917.7,58
4221,1516,367,10,116931.84,49
4222,19,278,6,13462.47,69
4223,1726,487,2,1201.2,70
4224,871,246,5,1672.62,31
4225,84,26,1,10614.04,76
4226,1672,431,10,2797.2,35
4227,1402,113,4,560.88,15
4228,1824,50,4,3052.0,57
4229,169,476,2,2487.24,10
4230,652,48,10,5647.69,82
4231,757,356,5,1014.0,64
4232,290,389,10,4152.4,39
4233,308,499,1,4111.04,81
4234,533,413,1,8136.8,46
4235,417,166,4,404.74,52
4236,842,16,8,11977.2,48
4237,1933,295,10,2916.69,32
4238,581,298,5,2770.14,51
4239,885,227,3,2555.52,6
4240,196,30,9,2649.36,34
4241,1805,330,1,306.45,17
4242,1447,395,9,9193.46,11
4243,1411,260,3,4678.74,17
4244,1337,114,-9,6578.2,76
4245,1890,393,5,6284.6,0
4246,306,493,7,1219.8,4
4247,1088,178,9,9564.78,8
4248,1018,135,6,4090.32,17
4249,958,117,6,29551.6,24
4250,843,160,3,2518.6,28
4251,706,233,1,4255.9,37
4252,179,82,10,8689.7,98
4253,1147,487,3,1089.66,89
4254,680,55,9,814.73,87
4255,858,481,2,1357.2,22
4256,1611,324,6,1712.15,72
4257,37,147,7,144380.1,4
4258,125,238,-10,4681.65,28
4259,114,136,7,11431.62,3
4260,111,44,3,2246.63,31
4261,1070,74,8,4252.64,3
4262,184,371,-3,693.68,16
4263,1163,377,7,5399.52,44
4264,184,65,1,5389.8,33
4265,1939,273,6,2069.1,63
4266,1507,220,7,17756.34,41
4267,460,490,5,4473.21,48
4268,1486,24,5,4156.1,22
4269,1831,74,8,4670.31,28
4270,1746,325,5,3790.54,3
4271,220,319,2,5131.2,30
4272,15,188,8,4458.16,95
4273,1636,321,4,4912.6,93
4274,634,252,3,1444.32,30
4275,717,286,7,4474.4,62
4276,840,274,3,5592.45,40
4277,1551,52,3,5195.2,58
4278,1369,488,3,56170.02,57
4279,8,261,7,2097.47,53
4280,1441,415,7,35567.32,44
4281,1909,358,7,4187.4,19
4282,1753,67,5,10908.8,79
4283,1801,227,7,2652.32,69
4284,906,262,5,1833.3,79
4285,601,243,8,3771.28,10
4286,1357,82,10,8535.9,81
4287,426,186,1,6472.41,52
4288,1997,478,2,2853.9,65
4289,622,257,10,9648.75,38
4290,1994,75,3,2125.89,40
4291,1770,140,4,944.86,6
4292,630,372,7,54148.44,94
4293,1544,194,9,906.3,14
4294,309,45,6,3304.8,81
4295,887,432,5,8612.04,94
4296,1539,183,3,2666.84,32
4297,1178,403,3,152479.8,51
4298,1352,354,5,5246.1,36
4299,1317,420,2,3668.92,15
4300,208,344,10,1913.75,99
4301,401,280,9,9901.92,67
4302,301,238,4,4478.1,85
4303,879,120,5,6910.02,43
4304,1387,301,5,2845.08,64
4305,1652,92,2,18813.06,66
4306,568,301,7,2867.66,2
4307,830,208,5,527.45,99
4308,38,178,2,9426.16,12
4309,90,94,2,832.6,47
4310,637,101,5,14738.08,92
4311,382,127,1,36409.73,90
4312,823,27,5,5575.38,95
4313,1948,271,7,559.9,30
4314,1018,73,2,1739.76,93
4315,1315,447,9,3801.52,6
4316,120,104,3,4625.37,89
4317,413,54,10,1743.44,70
4318,1696,304,10,1359.66,6
4319,165,46,5,3862.8,1
4320,430,153,8,2234.48,14
4321,493,55,8,958.93,12
4322,1208,422,8,3269.6,83
4323,1137,213,1,82332.28,95
4324,215,453,7,201.48,19
4325,1558,482,6,9756.88,91
4326,1264,385,1,3008.46,64
4327,530,51,10,105981.2,36
4328,1732,326,8,7120.96,67
4329,674,445,6,2397.75,1
4330,1288,62,2,293.48,56
4331,698,115,6,1883.7,21
4332,1447,62,1,316.25,21
4333,1144,271,8,641.34,95
4334,8,242,-3,948.72,59
4335,1227,390,1,1638.12,29
4336,959,58,7,15769.15,54
4337,57,283,9,802.3,99
4338,1261,241,3,5492.52,25
4339,1387,306,10,5457.4,49
4340,515,247,-8,2320.88,15
4341,1097,102,8,1672.8,29
4342,83,230,7,2487.93,13
4343,1843,463,1,964.85,36
4344,1121,8,9,1612.93,45
4345,954,444,9,49220.73,1
4346,348,334,5,142797.86,37
4347,398,409,3,49124.84,50
4348,1975,96,3,4789.92,15
4349,801,300,1,3449.25,49
4350,1234,343,7,10530.84,45
4351,1735,234,5,158.6,85
4352,967,11,7,953.1,56
4353,1398,350,6,25258.24,55
4354,1270,354,2,4546.62,73
4355,1741,469,6,5562.48,95
4356,1925,450,3,2499.84,41
4357,113,377,2,6556.56,52
4358,1833,153,3,2004.46,9
4359,10,246,1,1590.36,25
4360,746,24,9,4283.98,33
4361,1829,401,3,24500.91,27
4362,1440,384,2,17008.65,68
4363,1773,114,10,6047.7,36
4364,1110,438,5,87970.68,8
4365,452,13,1,3857.98,13
4366,1513,218,10,7904.25,9
4367,1668,8,6,1826.21,29
4368,96,76,2,859.1,9
4369,773,244,6,19818.6,91
4370,1127,199,5,2436.34,91
4371,1627,126,4,11990.43,78
4372,1767,169,4,45600.8,70
4373,186,48,1,5336.4,2
4374,1680,61,-5,878.48,63
4375,862,133,3,80418.75,64
4376,1680,414,10,1640.25,54
4377,1753,492,2,829.2,60
4378,506,283,6,852.0,95
4379,1567,469,2,4803.96,69
4380,1578,40,8,3272.06,63
4381,675,414,2,1385.1,29
4382,1213,191,10,1787.5,64
4383,202,175,6,136.88,19
4384,771,438,1,93556.12,85
4385,1664,307,8,14411.8,29
4386,1504,197,1,9069.84,37
4387,1612,150,7,2026.08,94
4388,1726,190,5,2377.59,98
4389,948,240,3,1702.74,45
4390,133,227,2,2129.6,58
4391,417,32,9,5928.44,15
4392,741,197,5,10661.04,83
4393,985,273,4,2351.25,85
4394,1481,32,4,5402.53,62
4395,652,158,4,1190.7,2
4396,1590,96,8,4191.18,9
4397,1722,155,9,5266.28,41
4398,1446,236,3,2732.8,6
4399,332,289,3,2566.8,33
4400,1579,385,7,2963.22,67
4401,825,76,8,816.5,71
4402,1058,427,5,15279.15,57
4403,854,220,5,15106.14,1
4404,913,335,7,5025.16,26
4405,295,245,2,1041.2,90
4406,423,483,6,2931.32,93
4407,1124,496,7,7660.0,53
4408,1417,71,6,1395.78,16
4409,447,458,9,2900.34,92
4410,1033,428,8,1563.48,6
4411,833,459,1,4401.0,33
4412,1059,471,9,1215.12,75
4413,1392,120,3,6555.66,88
4414,686,400,6,19876.22,30
4415,532,4,6,598.05,3
4416,1408,269,10,1385.56,18
4417,972,103,10,5548.53,95
4418,172,490,6,4849.11,57
4419,879,488,5,61694.94,1
4420,644,99,6,1097.16,57
4421,119,378,8,7006.86,76
4422,1806,238,8,5373.72,43
4423,706,131,3,3341.91,9
4424,1202,361,1,13927.68,67
4425,532,76,3,887.5,26
4426,1762,207,-3,1702.52,93
4427,423,93,1,10746.12,22
4428,360,484,3,3072.5,13
4429,218,390,2,1687.76,59
4430,1701,190,8,2377.59,77
4431,248,496,8,6924.64,54
4432,337,30,5,2672.6,78
4433,1809,279,6,945.81,36
4434,550,429,9,15418.36,73
4435,1134,120,1,7146.26,22
4436,1926,54,7,1968.4,74
4437,17,107,10,464.43,22
4438,384,16,3,13274.73,52
4439,1969,292,9,14225.2,12
4440,1824,137,3,182556.36,50
4441,551,254,2,5697.63,54
4442,1119,13,2,4020.08,59
4443,1810,455,1,5026.24,27
4444,1652,42,7,1790.32,24
4445,913,455,1,4990.08,43
4446,1404,6,1,3785.39,74
4447,407,107,3,416.97,58
4448,376,130,5,18268.28,73
4449,459,437,2,3275.67,56
4450,328,289,-5,2887.65,56
4451,888,124,9,875.6,69
4452,456,491,10,34362.27,94
4453,815,388,6,313.88,7
4454,321,452,6,3448.17,93
4455,1255,419,9,5445.6,13
4456,1432,310,4,859.18,77
4457,461,66,8,5740.68,20
4458,1553,253,3,19382.74,11
4459,328,459,10,3683.8,49
4460,456,179,1,5595.38,98
4461,1154,419,7,5037.18,16
4462,1701,221,7,580.32,50
4463,1323,170,3,1155.68,21
4464,1133,330,5,274.67,26
4465,1205,251,5,57686.22,95
4466,1284,301,6,2483.8,57
4467,1481,1,9,19245.76,69
4468,891,155,1,4728.12,95
4469,1015,187,7,22736.52,2
4470,348,23,9,4683.8,85
4471,1465,473,2,13806.08,21
4472,1219,24,3,3676.55,98
4473,160,463,6,1124.26,38
4474,1807,417,4,2814.78,4
4475,573,133,9,82348.8,4
4476,1198,116,3,7774.92,20
4477,714,491,4,36219.69,26
4478,355,4,3,518.31,45
4479,138,21,3,2772.9,47
4480,1856,334,6,131897.26,7
4481,233,317,4,11610.0,36
4482,673,408,1,886.86,51
4483,1190,259,9,248.4,71
4484,584,356,4,1090.05,24
4485,1547,398,4,416.44,20
4486,604,436,4,25020.98,20
4487,1213,219,3,806.3,68
4488,55,178,10,9218.23,94
4489,1103,331,4,983.1,16
4490,1704,495,5,735.66,34
4491,186,83,10,3145.74,56
4492,1598,171,10,1793.4,40
4493,1859,448,10,3851.94,78
4494,275,488,1,52026.33,18
4495,498,496,8,7476.16,25
4496,155,247,8,2061.08,75
4497,762,143,3,6554.24,1
4498,787,94,10,970.16,34
4499,1313,48,10,5158.52,57
4500,701,319,2,5473.28,16
4501,371,203,8,43414.56,89
4502,470,52,8,4622.2,29
4503,1480,206,3,8493.8,54
4504,1751,487,5,1072.5,40
4505,310,342,9,3149.9,51
4506,516,197,2,10979.28,18
4507,1437,14,-10,2587.92,15
4508,919,415,4,28146.8,0
4509,1170,304,3,1380.74,94
4510,1801,273,5,2257.2,17
4511,554,32,4,5498.15,90
4512,217,33,6,3136.32,29
4513,1762,170,6,1025.2,40
4514,193,139,4,430.92,98
4515,286,52,10,4966.0,13
4516,614,122,1,148555.26,56
4517,994,470,10,2444.04,81
4518,287,134,8,3924.18,16
4519,767,355,5,4551.14,16
4520,315,498,2,5664.96,69
4521,484,363,5,694.2,86
4522,659,359,9,64781.1,14
4523,1210,93,1,9687.79,98
4524,1112,248,8,1863.69,55
4525,1010,325,7,4225.52,73
4526,407,493,4,1476.6,30
4527,1552,88,10,23732.48,71
4528,881,182,2,36222.56,79
4529,1931,30,3,2788.8,59
4530,1468,278,5,15838.2,55
4531,564,30,9,2788.8,81
4532,1032,403,6,184361.94,67
4533,1087,99,9,1025.8,99
4534,657,359,7,63341.52,61
4535,277,208,3,423.5,94
4536,1041,137,7,174195.0,16
4537,1349,300,3,3091.55,39
4538,1893,111,6,1351.28,47
4539,165,403,10,169113.96,21
4540,1138,82,3,8843.5,44
4541,18,387,2,18994.12,23
4542,723,374,7,56439.7,96
4543,1809,154,8,50187.15,70
4544,843,97,10,6255.12,32
4545,1804,93,1,9117.92,21
4546,1624,84,4,7258.58,35
4547,179,148,10,5190.4,22
4548,1217,6,1,4103.49,89
4549,1342,214,7,698.05,88
4550,909,21,3,2526.42,51
4551,1,135,-6,4031.04,6
4552,1972,298,6,2487.06,24
4553,380,35,8,1886.32,36
4554,1326,21,1,2711.28,29
4555,1259,39,1,12459.44,97
4556,173,295,4,2645.37,47
4557,1563,103,9,5819.19,22
4558,276,83,5,3854.24,59
4559,192,45,10,2864.16,48
4560,1746,3,1,3227.52,2
4561,1909,271,3,631.16,62
4562,1350,20,6,16008.84,35
4563,820,57,7,1403.52,7
4564,971,500,7,4811.44,16
4565,801,145,4,2844.6,67
4566,1461,481,6,1148.4,1
4567,1173,167,4,187.24,22
4568,410,139,7,362.88,56
4569,1692,218,3,8021.35,28
4570,1379,57,4,1413.84,25
4571,1611,211,2,1568.6,82
4572,1919,406,10,3917.6,36
4573,1460,48,7,5291.93,17
4574,1923,103,2,5503.42,44
4575,566,461,5,2516.51,95
4576,403,236,3,2777.6,60
4577,1349,459,7,4107.6,46
4578,977,487,7,1184.04,96
4579,65,217,4,1155.6,32
4580,1238,150,3,1950.48,5
4581,1677,143,7,7900.2,8
4582,970,168,6,3811.49,65
4583,1128,226,1,1780.8,63
4584,1270,316,10,9228.96,22
4585,614,358,3,3320.01,21
4586,588,287,4,788.64,39
4587,547,396,5,772.8,98
4588,1017,87,4,8917.26,44
4589,878,400,6,20024.55,25
4590,1027,422,7,3123.2,32
4591,919,292,1,14871.8,45
4592,1791,151,9,6035.48,95
4593,462,194,3,977.85,71
4594,1163,22,5,3953.4,59
4595,355,102,9,1714.62,93
4596,1447,137,2,181162.8,1
4597,1961,2,10,6356.4,29
4598,1026,448,6,3881.8,40
4599,987,380,5,5827.05,11
4600,801,372,5,45908.46,41
4601,1598,303,10,803.0,4
4602,1192,400,4,18541.25,68
4603,160,135,7,3290.04,39
4604,1001,434,7,29117.69,12
4605,602,114,8,6684.3,66
4606,537,142,4,15196.2,6
4607,812,373,7,7137.76,69
4608,1542,232,6,1684.98,53
4609,526,459,7,4466.2,59
4610,270,348,7,1555.74,29
4611,828,284,2,5770.49,84
4612,609,452,2,3367.98,47
4613,1673,265,10,1978.88,4
4614,1922,31,3,1262.32,60
4615,1894,357,3,1800.96,14
4616,23,398,9,427.21,42
4617,84,358,8,3888.3,71
4618,789,11,5,826.02,46
4619,844,386,7,1252.08,43
4620,1843,19,4,682.44,31
4621,910,137,7,178375.68,65
4622,504,109,1,5315.54,61
4623,1321,226,4,1749.0,51
4624,965,359,2,60942.22,17
4625,375,377,3,5929.83,52
4626,1819,440,8,904.89,73
4627,1316,144,2,1911.78,2
4628,1580,263,8,2913.12,82
4629,1039,221,6,542.88,64
4630,1557,169,10,51732.0,5
4631,794,242,4,906.24,53
4632,419,156,3,1457.28,65
4633,1421,317,9,12964.5,61
4634,819,13,6,4376.7,81
4635,661,435,1,18062.08,85
4636,1305,155,10,4382.16,17
4637,1697,61,8,701.52,33
4638,1327,439,9,83553.9,97
4639,1434,392,2,1068.07,51
4640,1399,371,8,657.8,52
4641,801,106,3,2509.2,7
4642,1562,36,7,2860.9,20
4643,1184,477,1,8457.5,24
4644,1933,415,10,32752.64,22
4645,1571,429,9,17187.68,78
4646,165,345,10,4701.52,68
4647,1906,82,-8,8689.7,71
4648,316,215,6,6269.2,98
4649,418,396,-4,855.6,11
4650,938,378,1,7062.47,54
4651,1685,426,5,3999.0,33
4652,352,208,10,458.15,20
4653,62,106,10,2343.15,87
4654,1954,341,4,6731.64,11
4655,1382,395,4,9259.6,41
4656,620,352,10,36567.96,2
4657,232,145,6,2887.7,72
4658,1251,215,8,4925.8,48
4659,1227,92,2,19260.99,43
4660,1679,276,8,4794.28,0
4661,754,133,10,81062.1,20
4662,1964,140,4,1008.38,65
4663,1521,398,5,470.29,31
4664,1663,28,3,7418.25,88
4665,1390,421,2,52768.2,92
4666,1104,58,7,17443.75,64
4667,1762,475,1,2602.26,81
4668,772,489,5,42394.22,28
4669,1389,59,6,37160.64,82
4670,1081,297,1,4752.78,48
4671,1333,436,5,28302.42,98
4672,1190,472,3,11920.44,83
4673,1047,48,6,4891.7,25
4674,1925,230,1,2213.67,60
4675,112,480,10,2583.24,52
4676,1292,153,1,2037.32,6
4677,417,16,9,12975.3,69
4678,65,266,2,2829.68,20
4679,824,77,9,2065.4,76
4680,1938,213,9,70658.3,83
4681,1783,395,5,8995.04,38
4682,1726,270,6,13154.78,3
4683,1353,436,1,25431.16,18
4684,1058,260,10,4712.4,43
4685,1949,290,3,3850.6,82
4686,957,324,5,1584.8,9
4687,859,277,1,33205.08,75
4688,1404,58,10,19257.9,49
4689,1759,57,3,1393.2,60
4690,832,201,3,6529.6,71
4691,68,272,3,3462.56,2
4692,492,320,2,4786.4,7
4693,1302,388,3,369.74,53
4694,399,345,5,4079.26,34
4695,448,167,10,184.22,80
4696,1334,95,5,2808.0,66
4697,1394,421,8,58725.9,0
4698,167,92,1,19858.23,95
4699,605,415,3,30449.72,20
4700,1347,449,6,2683.08,52
4701,1222,10,10,3317.44,19
4702,1960,115,8,1808.95,31
4703,19,94,9,1006.36,34
4704,1168,232,7,1660.56,90
4705,121,128,10,13938.5,83
4706,1559,230,1,2233.26,96
4707,602,125,7,17720.4,17
4708,1730,392,5,933.51,45
4709,727,114,7,6259.9,64
4710,1544,41,9,6307.68,56
4711,1618,189,5,939.27,2
4712,1989,125,7,20083.12,89
4713,558,431,9,2819.4,18
4714,244,181,10,281.48,63
4715,510,266,-6,2692.76,91
4716,820,211,3,1654.16,16
4717,473,220,1,16166.22,51
4718,1653,238,10,5455.14,79
4719,1987,271,7,605.71,74
4720,151,67,6,12467.2,39
4721,1162,419,-8,6353.2,85
4722,1854,90,3,1101.24,6
4723,1949,132,3,2607.09,67
4724,793,95,3,3276.0,52
4725,1155,318,3,2681.8,49
4726,854,204,2,64.4,58
4727,1943,477,10,8660.48,52
4728,363,97,6,5694.96,78
4729,1209,466,10,75323.69,19
4730,1205,469,10,5688.9,93
4731,1123,127,4,38665.2,96
4732,1133,377,8,6604.77,51
4733,1139,264,-8,1805.76,63
4734,924,313,3,58595.46,99
4735,889,7,5,1900.66,31
4736,522,269,3,1147.74,66
4737,1941,444,5,61193.34,77
4738,1666,127,2,38665.2,25
4739,1236,271,4,682.06,76
4740,174,80,-3,3023.16,1
4741,61,3,2,3122.56,38
4742,102,335,8,5332.04,51
4743,301,431,10,2952.6,95
4744,1934,35,5,1844.71,83
4745,1355,117,1,31142.84,36
4746,1498,480,10,2537.92,27
4747,616,61,1,733.12,66
4748,1663,295,8,2713.2,19
4749,1846,326,9,6545.0,16
4750,68,303,10,927.1,55
4751,1320,168,7,4013.87,20
4752,1521,403,3,164955.42,1
4753,675,318,3,2706.18,66
4754,375,120,6,8032.16,29
4755,64,292,8,15906.36,54
4756,1247,483,2,3259.83,33
4757,1145,464,10,1428.62,16
4758,1875,481,10,1461.6,99
4759,1117,472,1,11229.4,47
4760,824,274,3,6710.94,0
4761,175,243,6,3244.41,80
4762,1916,2,8,6833.13,52
4763,838,52,9,4698.6,73
4764,683,246,3,1837.14,97
4765,1335,469,5,5773.18,0
4766,635,127,5,40276.25,32
4767,247,364,3,3391.2,28
4768,1976,38,4,1755.0,84
4769,1268,162,7,8383.47,1
4770,107,255,8,75471.25,25
4771,1316,87,2,9446.25,44
4772,128,116,7,6310.08,96
4773,1179,391,3,6862.8,5
4774,301,356,6,1149.2,79
4775,1525,428,10,1563.48,92
4776,146,303,4,919.8,61
4777,397,108,8,4633.14,24
4778,611,375,3,4679.1,37
4779,1745,159,5,4977.21,57
4780,587,282,10,13709.3,99
4781,555,253,7,16788.2,56
4782,1536,491,9,38077.11,16
4783,1587,116,6,6310.08,0
4784,1417,429,8,15544.74,41
4785,157,399,10,4988.48,60
4786,1290,18,9,631.57,99
4787,1997,183,-2,2755.0,88
4788,490,493,3,1465.9,68
4789,1215,178,2,8178.58,45
4790,786,99,5,990.12,77
4791,1667,38,9,1895.4,45
4792,1043,1,6,16998.08,69
4793,1520,41,2,5565.6,57
4794,534,139,10,395.28,85
4795,750,128,10,14966.75,14
4796,1888,204,1,59.8,62
4797,1682,243,1,3078.03,36
4798,24,301,4,3116.04,1
4799,1469,160,6,2482.62,39
4800,241,277,5,29695.6,97
4801,510,310,9,736.44,22
4802,167,412,9,2756.6,87
4803,429,302,7,62867.82,98
4804,329,393,1,5252.13,65
4805,762,469,9,5351.78,51
4806,1402,486,5,6425.9,88
4807,1524,11,8,896.62,69
4808,26,78,7,145.2,20
4809,1246,358,6,3349.92,48
4810,579,355,7,4385.04,76
4811,424,444,4,58976.19,30
4812,702,370,7,15599.76,25
4813,114,478,4,2727.06,59
4814,615,135,1,3734.64,64
4815,1844,28,7,6868.75,5
4816,1036,369,10,26648.41,61
4817,1985,22,10,3444.25,5
4818,1392,367,2,135893.76,89
4819,1260,48,9,6047.92,92
4820,1685,355,5,4551.14,28
4821,162,48,4,5825.57,18
4822,1661,200,7,201.14,12
4823,687,276,-5,5248.91,43
4824,1149,25,6,10405.2,51
4825,494,96,2,3979.86,76
4826,1344,207,1,1633.87,58
4827,1636,351,3,2314.2,2
4828,643,116,10,7774.92,60
4829,1389,4,8,553.75,34
4830,745,365,5,6938.89,61
4831,1488,358,1,4097.67,68
4832,1391,457,3,16082.3,81
4833,1834,101,2,16317.16,96
4834,131,149,7,2282.28,9
4835,1686,317,10,11610.0,93
4836,500,296,5,2762.58,62
4837,1647,199,7,2276.58,52
4838,369,128,6,15081.0,97
4839,1181,193,1,1145.87,29
4840,2000,7,3,2237.06,49
4841,151,379,9,6252.26,2
4842,266,192,8,2492.88,71
4843,1858,230,1,2272.44,49
4844,1059,206,1,7280.4,6
4845,806,122,1,143839.22,50
4846,489,223,1,8501.46,5
4847,265,375,9,4783.08,82
4848,180,332,7,15640.9,1
4849,1278,280,10,9990.33,1
4850,1761,111,10,1127.76,75
4851,243,85,1,11408.85,94
4852,486,328,1,16589.28,46
4853,278,12,10,420.08,43
4854,324,353,4,4091.02,58
4855,1551,190,10,2396.92,89
4856,1224,188,4,4592.24,14
4857,1177,333,3,11581.46,5
4858,102,320,9,4747.8,5
4859,273,442,8,5801.95,63
4860,1914,152,6,699.74,34
4861,1291,303,3,810.3,40
4862,586,383,9,4237.8,77
4863,577,356,5,1174.55,42
4864,462,264,2,1545.84,71
4865,34,323,9,8515.68,91
4866,1123,305,7,9004.82,80
4867,718,272,4,3029.74,36
4868,1561,170,7,1137.04,20
4869,1776,86,10,4924.8,87
4870,760,77,2,2245.0,78
4871,1014,27,6,5705.04,52
4872,779,7,4,2270.7,52
4873,211,416,7,3062.72,17
4874,635,278,7,12444.3,57
4875,22,152,8,812.41,81
4876,316,388,7,367.08,51
4877,33,68,4,14232.02,8
4878,750,259,6,202.4,9
4879,767,489,4,42394.22,0
4880,139,226,4,2082.9,92
4881,1301,487,2,1055.34,63
4882,1657,49,6,22671.36,6
4883,711,270,8,12565.76,7
4884,765,67,3,11493.2,38
4885,154,108,4,5342.72,41
4886,630,227,10,2284.48,7
4887,1454,193,5,1259.51,95
4888,749,110,2,66388.18,40
4889,1423,481,8,1336.32,6
4890,654,371,8,675.74,73
4891,1912,377,2,6460.14,82
4892,1910,269,10,1313.18,50
4893,891,494,-5,5645.77,91
4894,829,298,4,2487.06,42
4895,796,454,2,27031.95,30
4896,399,452,6,3528.36,77
4897,1014,136,9,11524.56,50
4898,1121,489,1,39158.02,87
4899,960,26,3,8934.12,95
4900,1422,245,8,1026.0,93
4901,182,278,5,13236.21,0
4902,1651,329,2,17420.8,23
4903,336,14,10,2545.84,55
4904,1002,124,4,923.36,18
4905,1414,362,10,1768.8,61
4906,436,403,3,160796.88,72
4907,1763,208,5,454.3,5
4908,382,445,9,2397.75,17
4909,660,123,3,18770.72,50
4910,1915,412,8,3057.32,79
4911,1761,304,3,1243.72,21
4912,900,243,4,3577.17,90
4913,327,115,9,2048.15,43
4914,1335,73,1,1502.52,30
4915,1405,94,1,926.72,12
4916,515,353,1,3419.36,54
4917,1264,97,4,6255.12,22
4918,1058,143,5,6671.28,27
4919,1970,153,8,2152.33,9
4920,1239,303,9,832.2,77
4921,19,410,8,3976.8,41
4922,1766,44,6,2405.84,34
4923,1414,176,3,3554.88,49
4924,118,469,8,5056.8,55
4925,1165,354,10,5012.94,8
4926,414,283,4,802.3,3
4927,8,367,7,142214.4,36
4928,504,110,3,58279.7,99
4929,1554,222,3,47942.49,16
4930,1010,231,8,3510.44,27
4931,418,481,2,1284.12,92
4932,1037,359,1,67180.4,50
4933,823,476,5,2625.42,61
4934,58,474,8,3177.9,26
4935,1144,186,1,6822.27,48
4936,1634,18,6,594.69,40
4937,348,320,9,5211.0,38
4938,278,323,5,8440.32,93
4939,1688,20,8,17714.7,90
4940,610,373,1,7265.22,63
4941,554,10,7,3702.5,97
4942,752,260,3,4140.18,58
4943,861,71,6,1384.96,0
4944,1725,475,7,2900.88,20
4945,29,432,1,7810.92,90
4946,830,98,9,10396.16,45
4947,1300,434,7,30212.34,33
4948,1938,211,2,1696.94,73
4949,918,137,6,179769.24,62
4950,1323,301,4,2551.54,66
4951,1896,112,10,2217.6,98
4952,1169,348,8,1544.13,73
4953,1718,278,5,15385.68,76
4954,1618,40,5,3036.66,90
4955,1037,219,1,938.24,94
4956,1271,456,6,1935.28,40
4957,30,444,5,57202.47,89
4958,1640,339,4,3841.8,53
4959,1588,447,-7,3708.04,27
4960,262,68,4,15055.36,32
4961,1830,196,2,406.98,12
4962,322,368,9,936.96,90
4963,1914,451,9,3279.15,83
4964,153,339,2,4044.0,78
4965,591,288,6,5688.54,32
4966,34,3,2,3017.6,87
4967,923,224,3,2210.46,24
4968,1673,303,9,963.6,38
4969,1924,255,5,69433.55,81
4970,331,175,7,153.12,59
4971,1529,259,8,206.08,65
4972,1586,257,9,8799.66,16
4973,420,231,9,3680.3,69
4974,1330,248,1,2014.8,84
4975,1120,498,5,5035.52,49
4976,1070,26,7,10079.52,9
4977,1498,103,5,5774.08,82
4978,758,206,5,7523.08,95
4979,1178,307,9,17168.84,34
4980,802,13,6,4084.92,54
4981,1407,228,10,26568.88,72
4982,1588,408,7,879.28,86
4983,1110,124,1,1090.52,79
4984,1758,471,8,1135.44,25
4985,809,412,2,2781.66,69
4986,122,294,3,788.43,10
4987,787,206,3,6673.7,12
4988,858,166,6,473.34,40
4989,1501,231,9,3482.13,35
4990,677,256,9,31474.8,51
4991,661,168,6,4654.74,63
4992,722,52,3,4507.6,60
4993,883,141,1,6117.1,6
4994,792,269,8,1240.8,66
4995,1612,415,7,34543.8,67
4996,1753,68,5,15408.22,7
4997,732,37,7,45194.9,45
4998,523,167,2,172.14,22
4999,1827,132,5,2384.78,8
5000,1577,263,10,2982.48,60
5001,1911,152,1,676.02,25
5002,413,271,7,707.51,68
5003,873,9,9,13181.58,29
5004,1714,163,8,20296.55,5
5005,1496,33,8,2613.6,31
5006,837,100,-1,6296.94,79
5007,611,415,5,29170.32,27
5008,1050,330,7,251.97,22
5009,93,409,6,56324.17,6
5010,1108,314,9,8078.85,3
5011,1247,398,5,477.47,8
5012,436,138,10,1399.2,74
5013,1578,222,2,46907.76,77
5014,975,306,8,5751.26,73
5015,1798,250,3,38686.56,34
5016,690,79,9,18546.06,14
5017,430,186,7,7521.99,34
5018,1079,7,5,2018.4,5
5019,951,105,6,12198.02,98
5020,774,385,8,2691.78,65
5021,1995,8,10,1599.6,63
5022,1312,328,4,18626.56,32
5023,1387,10,6,3791.36,80
5024,1560,281,1,1747.62,84
5025,886,1,3,18543.36,78
5026,514,139,3,421.2,5
5027,1642,120,-2,7146.26,67
5028,1230,500,3,4214.4,66
5029,575,313,-1,60048.24,24
5030,1730,160,3,1996.89,29
5031,198,289,8,2802.09,58
5032,965,147,9,157157.1,58
5033,743,313,6,67796.4,14
5034,1345,159,2,4577.58,54
5035,1512,137,9,185343.48,20
5036,413,2,9,6674.22,96
5037,1483,67,10,11688.0,82
5038,1065,448,7,3941.52,65
5039,1651,481,5,1179.72,73
5040,861,82,4,9997.0,98
5041,451,87,7,8312.7,94
5042,1317,185,9,4224.86,91
5043,1276,388,5,305.9,58
5044,861,430,8,6337.94,66
5045,430,51,8,94567.84,89
5046,6,197,7,9149.4,75
5047,438,337,2,13481.82,11
5048,1663,272,2,3157.04,69
5049,1026,77,5,2406.64,18
5050,1816,196,6,485.52,43
5051,1154,160,7,2320.71,70
5052,1216,429,1,17566.82,53
5053,1901,79,4,17917.38,58
5054,1485,74,4,4936.1,60
5055,244,231,10,3567.06,74
5056,56,78,3,141.57,60
5057,1392,424,10,3692.97,4
5058,1451,417,7,2618.4,34
5059,1788,410,9,4308.2,81
5060,918,29,9,28786.1,59
5061,915,298,6,2669.04,33
5062,145,322,8,2260.74,63
5063,643,161,4,9838.08,67
5064,159,420,9,3477.26,79
5065,1404,21,8,2731.82,26
5066,948,264,2,1655.28,74
5067,133,165,8,3173.4,7
5068,1143,298,5,2446.62,65
5069,1247,391,7,5637.3,51
5070,1694,282,4,15703.38,33
5071,1128,263,8,2843.76,26
5072,1076,12,3,498.4,2
5073,1404,246,7,1535.52,19
5074,488,304,7,1380.74,13
5075,370,59,10,29620.8,80
5076,1741,171,2,1866.9,69
5077,205,80,10,3221.4,69
5078,1072,330,7,310.99,83
5079,1606,391,2,6176.52,98
5080,275,418,1,2016.3,62
5081,15,469,7,5141.08,91
5082,1558,436,10,22764.99,15
5083,97,233,10,4410.66,28
5084,986,400,3,18986.24,71
5085,295,199,9,2576.13,29
5086,459,141,9,7284.91,55
5087,1355,156,10,1523.52,58
5088,1887,24,4,4220.04,40
5089,91,216,8,394.8,58
5090,1047,315,7,36554.34,66
5091,1604,374,4,56930.48,43
5092,726,354,8,4274.6,62
5093,906,121,2,56755.7,21
5094,1721,413,4,8209.45,41
5095,675,175,1,151.96,98
5096,652,226,1,1923.9,16
5097,1319,48,9,5558.75,79
5098,1236,346,4,43899.66,35
5099,1456,421,5,50214.9,5
5100,638,189,9,910.59,26
5101,215,498,2,5350.24,8
5102,632,455,8,5062.4,6
5103,1335,471,2,1334.64,19
5104,1918,117,6,31142.84,6
5105,407,206,9,7523.08,14
5106,665,322,7,2499.68,99
5107,1094,309,2,4402.3,4
5108,1194,328,8,20081.76,57
5109,1266,229,9,515.04,18
5110,476,328,5,19645.2,99
5111,1286,137,6,171407.88,65
5112,598,135,7,3705.0,73
5113,1660,151,1,6933.32,97
5114,475,420,7,3641.54,54
5115,1954,153,1,1840.16,55
5116,447,481,3,1346.76,40
5117,983,112,8,2116.8,84
5118,427,445,2,2087.25,74
5119,1936,256,6,27877.68,90
5120,1879,83,10,3939.26,90
5121,1371,76,8,830.7,13
5122,1043,202,9,1662.94,95
5123,427,364,1,3221.64,72
5124,1700,46,-6,4419.6,47
5125,1888,362,5,1742.0,20
5126,1683,117,4,26141.8,38
5127,186,193,6,1060.64,70
5128,711,321,5,4456.43,31
5129,1195,222,7,37940.1,59
5130,1865,107,5,403.41,49
5131,1734,242,5,863.76,22
5132,1490,63,6,973.56,80
5133,1173,183,9,2622.76,83
5134,169,472,8,10192.84,94
5135,1909,473,10,12188.18,54
5136,131,227,1,2323.2,1
5137,1943,83,3,3174.08,65
5138,1361,49,7,23592.96,70
5139,148,331,5,1200.6,12
5140,467,404,5,4018.8,35
5141,1368,246,7,1809.72,7
5142,1445,303,5,992.8,71
5143,417,356,8,1140.75,57
5144,590,14,3,2693.12,92
5145,1761,65,9,5058.12,36
5146,1361,327,4,3803.64,98
5147,1914,15,3,43079.52,81
5148,713,497,1,2263.04,92
5149,1323,300,7,3372.6,23
5150,239,286,4,4913.85,48
5151,927,236,2,2889.6,95
5152,774,213,7,75573.66,9
5153,4,72,6,2424.59,50
5154,1875,124,5,915.4,4
5155,276,407,3,62475.42,87
5156,1432,113,5,588.24,75
5157,1115,21,2,2834.52,26
5158,1486,225,7,5422.9,28
5159,1825,216,8,398.09,79
5160,1517,9,2,12296.25,57
5161,1259,37,6,42231.3,81
5162,624,142,7,13848.15,35
5163,602,14,-10,2419.6,27
5164,503,398,6,402.08,58
5165,623,436,7,28507.51,46
5166,890,452,5,3047.22,48
5167,1667,27,2,5488.94,49
5168,505,251,3,54555.96,27
5169,137,291,10,413.1,96
5170,731,377,7,6652.98,78
5171,1298,172,6,2001.92,97
5172,324,328,3,18190.0,87
5173,899,193,5,1278.45,11
5174,612,312,1,5912.5,27
5175,1900,440,9,781.2,0
5176,1993,92,6,17917.2,8
5177,1493,370,4,18610.24,34
5178,1597,148,5,5595.9,70
5179,818,247,3,1991.8,68
5180,1865,275,4,2712.32,0
5181,616,241,4,6745.2,29
5182,136,130,6,17669.32,48
5183,1498,379,2,6357.34,87
5184,988,150,10,2056.32,25
5185,305,184,2,2502.95,33
5186,1427,401,10,25530.36,67
5187,1059,239,10,3285.76,40
5188,438,33,3,3255.12,88
5189,17,149,1,2196.48,41
5190,585,125,8,18458.75,83
5191,892,218,2,7377.3,24
5192,107,358,9,4037.85,47
5193,1029,27,1,4883.86,92
5194,1427,275,8,2966.6,31
5195,176,160,4,2302.72,10
5196,665,48,2,5247.46,29
5197,888,247,9,2130.36,21
5198,1293,54,1,1757.5,70
5199,159,281,8,1732.29,5
5200,1260,344,7,1990.3,67
5201,656,217,5,975.84,42
5202,1559,233,1,4758.87,82
5203,1123,334,1,124266.84,54
5204,1684,297,4,4921.02,92
5205,148,191,5,1644.5,90
5206,1522,101,1,16053.98,4
5207,109,95,4,2597.4,23
5208,1964,258,7,7867.91,42
5209,1326,354,6,5401.54,89
5210,39,346,6,48428.99,17
5211,345,148,2,4582.15,37
5212,1615,79,1,19174.74,52
5213,984,19,2,620.4,9
5214,525,164,10,5964.8,18
5215,40,49,7,22671.36,31
5216,422,435,9,15029.76,16
5217,278,437,3,2821.38,4
5218,65,164,4,6384.2,75
5219,268,95,3,2597.4,47
5220,774,72,1,2059.99,84
5221,1514,315,1,36554.34,9
5222,234,389,4,3499.88,68
5223,629,108,4,5342.72,12
5224,395,117,3,27505.72,23
5225,1059,194,2,1073.25,27
5226,325,125,10,17425.06,42
5227,1705,441,7,6500.22,36
5228,683,65,-4,4933.74,23
5229,1026,205,5,292.12,38
5230,1249,227,7,2613.6,0
5231,355,136,10,11710.44,55
5232,880,99,5,1025.8,95
5233,112,374,10,68709.2,45
5234,507,224,8,2520.7,85
5235,970,321,4,4140.62,84
5236,1174,282,6,14332.45,79
5237,967,426,4,3751.0,51
5238,1710,397,2,613.2,88
5239,364,197,7,9626.76,42
5240,1153,434,2,25833.74,62
5241,1565,460,7,2909.2,20
5242,758,404,4,4048.35,81
5243,1047,32,10,6645.59,53
5244,853,154,2,51496.38,60
5245,1604,190,4,2261.61,51
5246,1739,298,6,2325.3,36
5247,1799,227,5,2691.04,97
5248,807,223,6,9204.06,29
5249,693,107,9,433.92,89
5250,1412,359,7,54704.04,97
5251,1299,451,10,3084.83,43
5252,1532,128,3,13595.75,25
5253,1797,467,7,2727.5,75
5254,309,153,2,1971.6,60
5255,168,81,8,11447.72,82
5256,1430,479,7,6141.8,25
5257,1526,321,9,4877.51,28
5258,664,139,4,453.6,84
5259,587,211,9,1711.2,64
5260,1535,220,4,17358.81,73
5261,54,212,2,545.34,93
5262,1103,76,5,908.8,60
5263,1209,328,4,18772.08,77
5264,1541,456,9,1921.05,84
5265,159,213,2,74344.82,28
5266,1380,485,9,1207.36,12
5267,807,460,9,2701.4,25
5268,1423,237,2,2296.8,31
5269,48,255,4,75471.25,16
5270,778,31,8,1343.76,21
5271,1588,426,1,4340.0,12
5272,561,275,10,2606.37,61
5273,1964,284,1,6056.63,17
5274,792,375,5,4436.48,26
5275,242,68,2,13996.78,50
5276,1606,101,10,17633.06,38
5277,1604,396,8,841.8,23
5278,663,329,5,18509.6,18
5279,1534,297,3,5131.32,89
5280,608,177,7,15330.56,24
5281,1225,56,8,1932.3,95
5282,1907,300,10,3321.5,38
5283,24,111,7,1381.76,73
5284,538,259,2,241.04,14
5285,372,329,-7,17965.2,49
5286,1472,150,10,1874.88,11
5287,1271,210,8,1544.49,3
5288,844,350,9,26385.84,27
5289,674,113,10,515.28,4
5290,215,490,7,4247.67,21
5291,717,403,10,152479.8,14
5292,822,398,4,459.52,77
5293,558,375,10,3847.26,97
5294,1545,42,4,1506.96,29
5295,558,498,5,5215.36,60
5296,1880,341,7,6634.08,61
5297,1346,410,4,4639.6,87
5298,561,274,2,5786.97,5
5299,1691,289,9,2887.65,88
5300,544,46,1,4872.0,9
5301,1772,223,8,9063.54,27
5302,78,38,5,1951.56,69
5303,187,54,7,1546.6,36
5304,1185,336,10,3102.08,84
5305,171,396,1,765.9,39
5306,1344,461,3,3073.26,4
5307,309,272,9,3462.56,53
5308,1748,214,2,740.54,69
5309,68,383,2,4177.26,79
5310,1234,21,4,2444.26,18
5311,250,489,4,38187.16,64
5312,1834,381,6,7267.33,70
5313,535,455,3,4013.76,26
5314,654,102,2,1714.62,7
5315,1425,245,10,995.6,12
5316,995,429,10,14280.94,26
5317,1886,279,7,929.07,10
5318,664,404,8,3339.15,89
5319,1810,45,8,2766.24,26
5320,1796,70,2,1747.2,87
5321,634,475,1,2431.62,38
5322,1856,238,1,4681.65,66
5323,1138,412,-2,2982.14,11
5324,245,68,9,14584.88,80
5325,613,163,3,20592.85,62
5326,1913,357,2,1885.38,77
5327,437,497,7,2210.0,65
5328,755,252,7,1456.56,54
5329,385,310,2,755.82,70
5330,1616,494,2,4574.31,81
5331,1023,155,10,4343.72,84
5332,777,63,10,871.08,21
5333,511,329,3,15379.3,44
5334,582,450,1,2499.84,90
5335,487,43,6,2054.36,42
5336,106,211,10,1868.06,55
5337,1978,339,3,4111.4,8
5338,833,281,5,2084.88,44
5339,691,86,6,4195.2,96
5340,1344,255,5,83320.26,9
5341,5,72,6,2169.37,62
5342,1476,415,2,35567.32,90
5343,956,299,9,3668.76,90
5344,1257,142,9,15441.3,45
5345,873,200,10,211.82,64
5346,1168,487,10,1003.86,7
5347,63,190,2,2474.24,80
5348,1436,375,6,4263.18,57
5349,713,481,7,1211.04,46
5350,746,399,9,5300.26,18
5351,1745,95,8,3042.0,92
5352,177,234,3,158.6,51
5353,273,390,6,1514.02,46
5354,54,133,7,88138.95,1
5355,976,12,1,398.72,37
5356,1760,335,5,4334.68,28
5357,11,420,7,3449.88,82
5358,1958,493,7,1465.9,23
5359,534,21,9,2546.96,99
5360,1655,53,1,1577.4,81
5361,1665,211,7,1811.02,76
5362,121,345,5,4666.95,97
5363,206,249,3,524.51,18
5364,16,242,7,814.2,24
5365,1028,369,2,23710.79,44
5366,1783,406,3,3784.8,29
5367,293,283,3,816.5,22
5368,1139,80,5,2725.8,68
5369,569,242,6,969.96,19
5370,1078,99,-6,1150.68,75
5371,1220,153,1,1807.3,34
5372,189,20,9,15483.96,57
5373,1240,411,2,22301.37,47
5374,1823,401,2,27177.48,14
5375,1917,127,6,42209.51,3
5376,1692,437,6,2773.56,40
5377,1981,400,8,20617.87,18
5378,338,393,9,5745.92,16
5379,1892,423,1,15369.75,55
5380,593,61,6,884.8,62
5381,1140,21,-10,2752.36,59
5382,1074,124,1,907.44,69
5383,36,436,2,22559.9,38
5384,210,319,5,5943.64,91
5385,1932,169,4,45600.8,9
5386,1256,171,3,1984.5,97
5387,1046,390,2,1724.99,83
5388,538,148,8,5149.85,52
5389,1639,233,5,5145.77,80
5390,264,282,1,14332.45,10
5391,1314,262,9,1887.62,78
5392,458,12,7,416.52,96
5393,706,255,9,78490.1,90
5394,1983,13,4,4020.08,71
5395,1199,396,2,903.9,18
5396,200,114,10,7055.65,91
5397,911,129,4,63113.52,92
5398,825,306,10,4617.8,40
5399,1668,170,9,1118.4,44
5400,1874,253,6,19535.36,73
5401,627,358,1,3798.57,97
5402,570,96,10,4860.36,94
5403,2,428,7,1563.48,55
5404,1161,327,1,4328.28,38
5405,736,458,3,2971.08,77
5406,1641,279,7,920.7,48
5407,137,373,1,7775.06,42
5408,861,236,4,2620.8,57
5409,1549,140,6,984.56,5
5410,170,205,6,248.52,56
5411,849,48,4,5469.81,84
5412,1148,36,5,2732.8,70
5413,120,72,6,2132.91,81
5414,42,263,5,2681.92,61
5415,1481,205,10,281.22,20
5416,1312,314,7,8216.95,34
5417,618,236,8,3068.8,23
5418,662,411,1,24207.47,36
5419,1384,95,4,3112.2,18
5420,1846,129,3,53832.12,38
5421,1050,3,1,3096.32,10
5422,931,364,3,3362.94,14
5423,1475,170,6,1090.44,50
5424,1230,56,6,2152.65,43
5425,646,235,5,1653.59,74
5426,1901,15,7,40277.6,63
5427,1154,415,7,28146.8,20
5428,569,85,6,10479.24,7
5429,490,391,4,5735.34,84
5430,296,318,6,3193.78,76
5431,597,184,3,3078.85,28
5432,1738,43,6,2302.3,68
5433,1888,415,3,32240.88,49
5434,464,24,5,3516.7,17
5435,1240,223,7,8079.9,88
5436,1265,308,2,3116.12,20
5437,204,249,5,578.2,20
5438,1230,72,3,2005.3,38
5439,179,209,8,92114.37,98
5440,363,464,2,1416.91,87
5441,494,303,3,1007.4,51
5442,784,310,4,807.5,0
5443,812,114,3,7214.8,45
5444,1540,17,4,4038.62,29
5445,1201,81,9,9275.16,38
5446,1089,400,6,16316.3,23
5447,310,24,7,3612.61,85
5448,1199,25,2,11581.44,30
5449,1317,125,4,17868.07,79
5450,463,251,10,55897.5,10
5451,1237,32,1,5306.91,82
5452,45,95,10,3042.0,43
5453,882,51,7,92937.36,23
5454,1724,175,7,153.12,91
5455,1387,144,8,1659.84,65
5456,1516,189,6,924.93,39
5457,6,373,8,8157.44,79
5458,1663,461,3,2605.59,0
5459,586,407,6,72887.99,27
5460,280,381,4,6839.84,49
5461,1334,322,8,2279.12,68
5462,1574,39,5,11241.6,48
5463,594,226,5,2162.4,31
5464,910,7,2,2169.78,37
5465,1936,388,6,308.56,86
5466,1259,359,2,66700.54,10
5467,1373,232,8,1501.83,53
5468,1458,220,6,14708.61,44
5469,363,338,8,5714.8,97
5470,857,35,3,1525.7,73
5471,328,284,2,6485.84,89
5472,1328,165,8,3124.2,7
5473,834,340,2,1709.1,92
5474,1280,31,-3,1160.52,31
5475,142,346,2,42506.02,61
5476,1283,281,8,1686.3,49
5477,1289,423,8,14800.5,54
5478,419,172,4,1782.96,19
5479,407,351,8,2293.9,69
5480,729,300,3,2861.6,17
5481,776,420,9,3641.54,36
5482,1326,263,6,2843.76,28
5483,1867,255,2,67622.24,36
5484,1733,78,10,143.99,24
5485,45,21,1,2875.6,95
5486,502,233,6,5184.46,31
5487,1167,386,9,1443.84,89
5488,305,448,4,3941.52,89
5489,150,107,3,400.02,55
5490,706,307,9,17168.84,48
5491,779,314,4,7871.7,61
5492,1547,494,9,5439.72,33
5493,212,252,9,1419.84,87
5494,1018,212,6,572.16,9
5495,1808,175,4,161.24,67
5496,286,22,2,3384.35,99
5497,563,342,-1,3295.28,49
5498,1647,181,3,299.64,54
5499,805,150,3,1859.76,56
5500,1774,407,4,75080.11,47
